"tipo","nome","creata","modificata"
"SQL_INLINE_TABLE_VALUED_FUNCTION","PALM_UltimaPosizione","2021-04-06","2021-11-16"
"SQL_SCALAR_FUNCTION","ADER_IMG_Mancanti","2024-06-20","2026-01-16"
"SQL_SCALAR_FUNCTION","ADER4_VerificaAssenti","2023-12-06","2023-12-06"
"SQL_SCALAR_FUNCTION","CalcolaCheckDigitUPU","2025-03-20","2025-03-20"
"SQL_SCALAR_FUNCTION","CalcolaCodiceFiscale","2024-07-02","2024-07-02"
"SQL_SCALAR_FUNCTION","CalcolaPrezzoUnitario","2021-04-21","2026-03-05"
"SQL_SCALAR_FUNCTION","CalculateTextWidth","2025-09-29","2025-09-29"
"SQL_SCALAR_FUNCTION","CheckDigit_DT","2024-01-30","2024-01-30"
"SQL_SCALAR_FUNCTION","CheckDigit_PI_1_2","2025-03-19","2025-03-19"
"SQL_SCALAR_FUNCTION","checkDigitPI","2023-10-06","2023-10-06"
"SQL_SCALAR_FUNCTION","CleanString","2024-05-16","2024-05-16"
"SQL_SCALAR_FUNCTION","CriptaMD5","2024-05-22","2024-05-22"
"SQL_SCALAR_FUNCTION","FileExists","2025-10-04","2025-10-04"
"SQL_SCALAR_FUNCTION","FindNextCPCLCommand","2025-09-29","2025-09-29"
"SQL_SCALAR_FUNCTION","fn_diagramobjects","2021-02-04","2021-07-18"
"SQL_SCALAR_FUNCTION","fn_FileExists","2026-05-14","2026-05-14"
"SQL_SCALAR_FUNCTION","fn_GetNthPart","2025-07-04","2025-07-04"
"SQL_SCALAR_FUNCTION","fn_RGBToHex","2026-01-22","2026-01-22"
"SQL_SCALAR_FUNCTION","fn_RGBToHex_Random","2026-01-22","2026-01-22"
"SQL_SCALAR_FUNCTION","fncProcessCPCL","2025-09-04","2025-09-04"
"SQL_SCALAR_FUNCTION","FormatCPCLCode","2025-09-29","2025-09-29"
"SQL_SCALAR_FUNCTION","FunVerificaBarcode","2021-02-22","2021-07-18"
"SQL_SCALAR_FUNCTION","GeneraGUID","2025-04-08","2025-04-08"
"SQL_SCALAR_FUNCTION","GetAMCPEU","2022-01-11","2022-01-11"
"SQL_SCALAR_FUNCTION","GetBelfiore","2022-06-07","2025-09-09"
"SQL_SCALAR_FUNCTION","GetBelfioreByCap","2026-03-10","2026-03-10"
"SQL_SCALAR_FUNCTION","getCapByGeneric","2024-05-23","2024-05-23"
"SQL_SCALAR_FUNCTION","GetCoperturaFiliale","2021-04-12","2025-09-10"
"SQL_SCALAR_FUNCTION","GetDataNascitaFromCFISC","2024-05-13","2024-05-13"
"SQL_SCALAR_FUNCTION","GetDifferences","2024-09-19","2024-09-19"
"SQL_SCALAR_FUNCTION","GetEasterDate","2025-01-29","2025-01-29"
"SQL_SCALAR_FUNCTION","getFascicoloChiuso","2023-08-10","2024-04-29"
"SQL_SCALAR_FUNCTION","getFirmaDigital","2025-10-22","2025-10-22"
"SQL_SCALAR_FUNCTION","GetGiorniLavorativi","2025-01-29","2025-01-29"
"SQL_SCALAR_FUNCTION","getIdPrimoPassaggioADER","2025-02-04","2025-02-04"
"SQL_SCALAR_FUNCTION","getLastScatolaADER","2025-01-28","2025-01-29"
"SQL_SCALAR_FUNCTION","GetListinoConsip","2024-02-15","2024-02-15"
"SQL_SCALAR_FUNCTION","GetNextAvailableDate","2025-09-08","2026-04-23"
"SQL_SCALAR_FUNCTION","getNumPaginaDistinta","2023-08-10","2023-08-10"
"SQL_SCALAR_FUNCTION","GetProvByCap","2026-03-10","2026-03-10"
"SQL_SCALAR_FUNCTION","getStatoBloccante","2024-03-29","2024-03-29"
"SQL_SCALAR_FUNCTION","GetTargaFromVarchar","2025-01-10","2025-01-10"
"SQL_SCALAR_FUNCTION","GetTDC","2021-02-12","2021-07-18"
"SQL_SCALAR_FUNCTION","GetTDD","2021-02-12","2021-07-18"
"SQL_SCALAR_FUNCTION","GetTDN","2021-02-12","2021-07-18"
"SQL_SCALAR_FUNCTION","GetTIC","2021-02-12","2021-07-18"
"SQL_SCALAR_FUNCTION","GetTIN","2021-02-12","2021-07-18"
"SQL_SCALAR_FUNCTION","GiorniLavorativi","2021-11-16","2025-08-11"
"SQL_SCALAR_FUNCTION","IsDataFestiva","2023-11-30","2024-11-19"
"SQL_SCALAR_FUNCTION","IsDataFestiva5","2024-11-18","2024-11-18"
"SQL_SCALAR_FUNCTION","IsHolidayDynamic","2025-09-08","2025-09-08"
"SQL_SCALAR_FUNCTION","PALM_ReplaceField","2021-04-07","2025-08-29"
"SQL_SCALAR_FUNCTION","PALM_ScegliStampa","2021-04-07","2025-08-07"
"SQL_SCALAR_FUNCTION","ReplaceAccapo","2024-05-22","2024-05-22"
"SQL_SCALAR_FUNCTION","ReplaceNonAccenti","2025-09-09","2025-09-09"
"SQL_SCALAR_FUNCTION","ReplaceNonANSII","2021-05-19","2022-02-04"
"SQL_SCALAR_FUNCTION","ReplaceNonASCII","2023-03-15","2025-02-04"
"SQL_SCALAR_FUNCTION","SetPunteggio","2024-02-28","2025-04-10"
"SQL_SCALAR_FUNCTION","UNIX_TIMESTAMP","2023-04-01","2023-04-01"
"SQL_SCALAR_FUNCTION","UpdateHeaderWidth","2025-09-29","2025-09-29"
"SQL_SCALAR_FUNCTION","WrapTextLine","2025-09-29","2025-09-29"
"SQL_STORED_PROCEDURE","aaa_test_0","2023-11-22","2023-11-22"
"SQL_STORED_PROCEDURE","ADE_Accettazione","2024-01-23","2024-01-25"
"SQL_STORED_PROCEDURE","ADE_RENDICONTA","2023-12-15","2024-06-04"
"SQL_STORED_PROCEDURE","ADER4_AnnullaEsito","2023-09-18","2023-10-05"
"SQL_STORED_PROCEDURE","ADER4_BILANCIO","2024-02-13","2025-02-11"
"SQL_STORED_PROCEDURE","ADER4_CalcoloQuadratura","2023-08-08","2023-08-08"
"SQL_STORED_PROCEDURE","ADER4_CambioDataDistinta","2023-11-21","2024-03-18"
"SQL_STORED_PROCEDURE","ADER4_Checkin","2023-06-23","2023-11-07"
"SQL_STORED_PROCEDURE","ADER4_ExportQuadratura","2023-05-29","2023-08-09"
"SQL_STORED_PROCEDURE","ADER4_FTP_Memorizza","2023-05-19","2024-09-10"
"SQL_STORED_PROCEDURE","ADER4_FTP_SfogliaDir","2023-05-19","2023-09-18"
"SQL_STORED_PROCEDURE","ADER4_FTP_SfogliaFile","2023-09-04","2024-09-10"
"SQL_STORED_PROCEDURE","ADER4_GeneraCGD","2023-08-07","2023-08-07"
"SQL_STORED_PROCEDURE","ADER4_GeneraPIS","2023-08-02","2024-11-15"
"SQL_STORED_PROCEDURE","ADER4_InviaRichiestaAnagrafica","2023-05-30","2024-01-09"
"SQL_STORED_PROCEDURE","ADER4_LoadAFF","2023-05-20","2024-07-03"
"SQL_STORED_PROCEDURE","ADER4_LoadAFN","2023-05-23","2023-05-31"
"SQL_STORED_PROCEDURE","ADER4_LoadEAS","2023-08-07","2024-09-10"
"SQL_STORED_PROCEDURE","ADER4_LoadEVE","2023-05-23","2025-03-06"
"SQL_STORED_PROCEDURE","ADER4_LoadOK","2023-06-26","2023-10-24"
"SQL_STORED_PROCEDURE","ADER4_LoadPDF","2023-09-05","2023-09-05"
"SQL_STORED_PROCEDURE","ADER4_LoadPIC","2023-10-03","2023-10-03"
"SQL_STORED_PROCEDURE","ADER4_LoadSCA","2023-05-25","2023-10-16"
"SQL_STORED_PROCEDURE","ADER4_PopolaAderPis","2023-11-03","2023-11-03"
"SQL_STORED_PROCEDURE","ADER4_POSTALIZZA","2023-06-13","2024-12-06"
"SQL_STORED_PROCEDURE","ADER4_POSTALIZZA_old","2023-07-11","2023-07-11"
"SQL_STORED_PROCEDURE","ADER4_ProduttivitaPostini","2023-11-09","2024-09-12"
"SQL_STORED_PROCEDURE","ADER4_Raccomandate","2023-10-23","2024-10-01"
"SQL_STORED_PROCEDURE","ADER4_REND_AnnullaElenco","2023-10-19","2023-10-19"
"SQL_STORED_PROCEDURE","ADER4_REND_Annullamento","2023-07-28","2023-10-19"
"SQL_STORED_PROCEDURE","ADER4_RENDICONTA","2023-05-29","2024-12-04"
"SQL_STORED_PROCEDURE","ADER4_RicalcolaAssenti","2023-12-06","2023-12-06"
"SQL_STORED_PROCEDURE","ADEX_AllineaMySql","2025-04-08","2026-02-25"
"SQL_STORED_PROCEDURE","ADEX_ImportFlussi","2025-06-06","2025-09-17"
"SQL_STORED_PROCEDURE","ADEX_POSTALIZZA","2025-07-28","2026-01-23"
"SQL_STORED_PROCEDURE","ADEX_REND_IMAGE","2025-06-23","2025-08-21"
"SQL_STORED_PROCEDURE","ADEX_RENDICONTA","2025-06-06","2026-05-19"
"SQL_STORED_PROCEDURE","ADEX_RENDICONTA_251124","2025-11-24","2025-11-24"
"SQL_STORED_PROCEDURE","ADEX_RENDICONTA_260203","2026-02-03","2026-02-03"
"SQL_STORED_PROCEDURE","AggiornaSpedizione","2022-05-02","2024-11-12"
"SQL_STORED_PROCEDURE","API_NuovoUtente","2025-11-06","2026-04-24"
"SQL_STORED_PROCEDURE","AUTO_Sched_Ogni10min","2023-02-24","2025-01-31"
"SQL_STORED_PROCEDURE","AUTO_Sched_OgniOra","2022-02-21","2025-07-23"
"SQL_STORED_PROCEDURE","AUTO_Sched_ORE_01","2021-06-11","2026-05-19"
"SQL_STORED_PROCEDURE","beta_lockinfo","2021-10-22","2021-10-22"
"SQL_STORED_PROCEDURE","CERT_Enroll","2022-06-29","2022-09-28"
"SQL_STORED_PROCEDURE","CERT_FirmaDocumento","2022-08-02","2022-08-02"
"SQL_STORED_PROCEDURE","CERT_IntesaFirmaKO","2022-12-05","2022-12-05"
"SQL_STORED_PROCEDURE","CERT_IntesaFirmaOK","2022-12-05","2023-02-24"
"SQL_STORED_PROCEDURE","CERT_IntesaFirmaVerifica","2022-12-05","2022-12-05"
"SQL_STORED_PROCEDURE","CERT_Revoca","2022-06-29","2022-07-27"
"SQL_STORED_PROCEDURE","CERT_Riattiva","2022-06-29","2022-07-27"
"SQL_STORED_PROCEDURE","CERT_Sospendi","2022-06-29","2022-07-27"
"SQL_STORED_PROCEDURE","CERT_StatoCertificato","2022-08-01","2022-08-01"
"SQL_STORED_PROCEDURE","CERT_Version","2022-06-29","2022-07-27"
"SQL_STORED_PROCEDURE","ChangePswRTI","2024-01-29","2024-01-29"
"SQL_STORED_PROCEDURE","CONSIP_EsitiIn","2024-02-06","2025-04-23"
"SQL_STORED_PROCEDURE","CONSIP_GeneraPickup","2024-02-05","2024-02-05"
"SQL_STORED_PROCEDURE","COSTI_AssociaPreventivo","2024-12-05","2024-12-05"
"SQL_STORED_PROCEDURE","COSTI_attribuisci_targhe","2024-03-22","2024-03-22"
"SQL_STORED_PROCEDURE","COSTI_Importazione","2025-01-10","2025-01-17"
"SQL_STORED_PROCEDURE","COSTI_Importazione_DKV","2025-04-23","2026-04-14"
"SQL_STORED_PROCEDURE","creaSigilli","2025-02-18","2025-03-31"
"SQL_STORED_PROCEDURE","CRM_GetSpedFromGuid","2022-05-23","2022-06-13"
"SQL_STORED_PROCEDURE","DELIVERY_EsitiIn","2024-03-11","2024-04-02"
"SQL_STORED_PROCEDURE","DelLastAct","2023-06-21","2023-06-21"
"SQL_STORED_PROCEDURE","DISTINTA_CambioData","2026-02-02","2026-02-02"
"SQL_STORED_PROCEDURE","DKV_Import_GPS","2026-03-26","2026-04-10"
"SQL_STORED_PROCEDURE","DW_Popola","2021-07-23","2021-07-23"
"SQL_STORED_PROCEDURE","ElencoAzioni","2021-02-23","2022-02-22"
"SQL_STORED_PROCEDURE","ElencoCDC","2022-04-08","2024-04-12"
"SQL_STORED_PROCEDURE","ElencoClienti","2021-04-25","2021-04-25"
"SQL_STORED_PROCEDURE","ElencoComuni","2021-03-22","2025-08-01"
"SQL_STORED_PROCEDURE","ElencoDriver","2021-10-20","2026-03-25"
"SQL_STORED_PROCEDURE","ElencoFamiglie","2021-04-25","2021-04-25"
"SQL_STORED_PROCEDURE","ElencoFattura","2022-06-07","2022-06-07"
"SQL_STORED_PROCEDURE","ElencoFiliali","2021-04-08","2026-01-30"
"SQL_STORED_PROCEDURE","ElencoFiliali_220410","2022-04-11","2022-04-11"
"SQL_STORED_PROCEDURE","ElencoFiliali_220411","2022-04-11","2022-04-11"
"SQL_STORED_PROCEDURE","ElencoFineGita","2021-10-25","2023-12-01"
"SQL_STORED_PROCEDURE","ElencoFineGitaDettaglio","2022-06-07","2023-09-25"
"SQL_STORED_PROCEDURE","ElencoFineGitaDettaglio2","2022-06-14","2022-06-14"
"SQL_STORED_PROCEDURE","ElencoListaValori","2026-03-04","2026-03-04"
"SQL_STORED_PROCEDURE","ElencoLottiDaVideocodificare","2021-05-17","2021-05-17"
"SQL_STORED_PROCEDURE","ElencoMenu","2021-06-07","2021-06-23"
"SQL_STORED_PROCEDURE","ElencoMenuGruppi","2021-08-03","2024-03-04"
"SQL_STORED_PROCEDURE","ElencoMenuGruppi2","2021-08-27","2021-08-27"
"SQL_STORED_PROCEDURE","ElencoMezzi","2025-12-11","2025-12-22"
"SQL_STORED_PROCEDURE","ElencoMittenti","2024-01-26","2024-01-26"
"SQL_STORED_PROCEDURE","ElencoOperatori","2021-03-22","2026-06-09"
"SQL_STORED_PROCEDURE","ElencoPercorso","2021-05-27","2026-02-23"
"SQL_STORED_PROCEDURE","ElencoProcessi","2021-03-20","2024-07-26"
"SQL_STORED_PROCEDURE","ElencoQualifiche","2022-06-28","2025-10-08"
"SQL_STORED_PROCEDURE","ElencoRicevuteAG","2025-08-06","2026-01-22"
"SQL_STORED_PROCEDURE","ElencoRicevuteAG_260113","2026-01-13","2026-01-13"
"SQL_STORED_PROCEDURE","ElencoRicevuteAG_NoContest","2026-01-23","2026-01-23"
"SQL_STORED_PROCEDURE","ElencoRicevuteAG_singola","2026-02-03","2026-03-17"
"SQL_STORED_PROCEDURE","ElencoScatoleAperte","2023-03-09","2023-11-13"
"SQL_STORED_PROCEDURE","ElencoStatiResi","2021-09-11","2023-06-07"
"SQL_STORED_PROCEDURE","EMAIL_CREA","2022-01-22","2022-10-17"
"SQL_STORED_PROCEDURE","EstraiImgADER","2024-04-08","2024-04-18"
"SQL_STORED_PROCEDURE","EstraiImgCaltaqua","2024-10-31","2024-11-05"
"SQL_STORED_PROCEDURE","FATT_Genera","2022-05-03","2025-12-03"
"SQL_STORED_PROCEDURE","FATT_Report","2022-06-13","2025-09-02"
"SQL_STORED_PROCEDURE","FATTURE_RipartizioneCDC","2022-04-12","2026-05-27"
"SQL_STORED_PROCEDURE","fndCesteBlu","2023-06-15","2023-06-15"
"SQL_STORED_PROCEDURE","FORM_AZIENDE","2021-02-23","2021-03-24"
"SQL_STORED_PROCEDURE","FORM_CHECKIN","2021-03-25","2021-05-18"
"SQL_STORED_PROCEDURE","GEO_AllineaGiri","2025-02-28","2026-02-19"
"SQL_STORED_PROCEDURE","GEO_AllineaGiriVertici","2025-02-27","2025-03-10"
"SQL_STORED_PROCEDURE","GEO_AllineaGiriVertici2","2026-01-29","2026-01-29"
"SQL_STORED_PROCEDURE","GEO_AssegnaGIRI","2025-02-28","2026-03-17"
"SQL_STORED_PROCEDURE","GEO_AssegnaGiroADriver","2025-06-26","2025-06-26"
"SQL_STORED_PROCEDURE","GEO_CercaIndirizzo","2024-09-24","2024-09-24"
"SQL_STORED_PROCEDURE","GEO_CreaGIRI","2025-02-03","2026-03-05"
"SQL_STORED_PROCEDURE","GEO_CreaGiro","2025-02-28","2025-03-13"
"SQL_STORED_PROCEDURE","GEO_CreaRouting_Here","2025-05-14","2026-02-27"
"SQL_STORED_PROCEDURE","GEO_CreaRouting_RouteXL","2025-02-04","2025-02-06"
"SQL_STORED_PROCEDURE","GEO_ElencoAttivita","2025-06-27","2025-07-02"
"SQL_STORED_PROCEDURE","Geo_GetVertici","2025-02-27","2025-03-11"
"SQL_STORED_PROCEDURE","GEO_HereWaypoint_Elenco","2026-02-25","2026-02-27"
"SQL_STORED_PROCEDURE","GEO_HereWaypoint_Request","2025-05-13","2026-02-24"
"SQL_STORED_PROCEDURE","GEO_HereWaypoint_Response","2025-05-14","2026-02-25"
"SQL_STORED_PROCEDURE","GEO_MemorizzaIndirizzo","2024-09-24","2024-09-25"
"SQL_STORED_PROCEDURE","GEO_Norm","2023-02-24","2023-02-24"
"SQL_STORED_PROCEDURE","GEO_Normalizza_Sped","2025-01-31","2026-02-23"
"SQL_STORED_PROCEDURE","GEO_Normalizza_Sped_tmpADE","2025-07-09","2026-02-18"
"SQL_STORED_PROCEDURE","GEO_Normalizza_Sped_tmpADE_osm","2025-07-10","2025-07-10"
"SQL_STORED_PROCEDURE","GEO_Normalizza_Sped1","2025-01-23","2025-01-30"
"SQL_STORED_PROCEDURE","GEO_Normalizza_Sped2","2025-01-30","2025-02-04"
"SQL_STORED_PROCEDURE","GEO_NormalizzaImport","2024-09-24","2024-09-24"
"SQL_STORED_PROCEDURE","GEO_NormalizzaIndirizzo","2024-08-27","2024-09-24"
"SQL_STORED_PROCEDURE","GEO_Rinormalizza","2026-02-18","2026-02-19"
"SQL_STORED_PROCEDURE","GeocodeAddress","2025-10-21","2025-10-21"
"SQL_STORED_PROCEDURE","get_coordinates","2024-05-13","2024-05-13"
"SQL_STORED_PROCEDURE","getComuneGiacByIdFiliale","2022-02-22","2022-03-16"
"SQL_STORED_PROCEDURE","GetCoperture","2021-02-23","2021-06-08"
"SQL_STORED_PROCEDURE","getDDT2Sign","2023-05-09","2023-05-09"
"SQL_STORED_PROCEDURE","getGiacenzeByIdFiliale","2022-02-22","2022-03-16"
"SQL_STORED_PROCEDURE","getIMGToRend","2024-04-08","2024-07-29"
"SQL_STORED_PROCEDURE","getIMGToRend_CALTAQUA","2024-10-31","2024-11-28"
"SQL_STORED_PROCEDURE","getInfoDistinta","2022-07-14","2025-08-21"
"SQL_STORED_PROCEDURE","getInfoRelata","2025-01-23","2025-01-23"
"SQL_STORED_PROCEDURE","getLavoratoByIdUtente","2024-04-29","2026-06-08"
"SQL_STORED_PROCEDURE","getLottiInLavorazione","2022-07-07","2025-08-28"
"SQL_STORED_PROCEDURE","getNumRelata","2024-07-12","2024-07-12"
"SQL_STORED_PROCEDURE","GetPrezzo","2021-05-14","2024-02-14"
"SQL_STORED_PROCEDURE","getSLA_Giacenza","2023-03-06","2025-05-22"
"SQL_STORED_PROCEDURE","getXML_IMG","2023-05-25","2023-12-20"
"SQL_STORED_PROCEDURE","GIAC_RicercaSpedizione","2023-02-23","2023-03-06"
"SQL_STORED_PROCEDURE","HTTP_Request","2022-07-27","2022-08-01"
"SQL_STORED_PROCEDURE","Import_HRParcel","2026-03-05","2026-03-25"
"SQL_STORED_PROCEDURE","import_imile","2026-03-17","2026-03-24"
"SQL_STORED_PROCEDURE","import_INPost","2026-03-10","2026-04-03"
"SQL_STORED_PROCEDURE","IMPORT_Poste","2024-11-07","2026-03-05"
"SQL_STORED_PROCEDURE","InserimentoEsiti","2021-09-16","2026-05-27"
"SQL_STORED_PROCEDURE","InserimentoEsiti_220718","2022-07-18","2022-07-18"
"SQL_STORED_PROCEDURE","InserimentoEsiti_220920","2022-09-20","2022-09-20"
"SQL_STORED_PROCEDURE","InserimentoEsiti_221227","2022-12-27","2022-12-27"
"SQL_STORED_PROCEDURE","InserimentoEsiti_230911","2023-09-11","2023-09-11"
"SQL_STORED_PROCEDURE","InserimentoEsiti_240307","2024-03-07","2024-04-11"
"SQL_STORED_PROCEDURE","InserimentoEsiti_240307b","2024-04-10","2024-04-10"
"SQL_STORED_PROCEDURE","InserimentoEsiti_240320","2024-03-20","2024-03-20"
"SQL_STORED_PROCEDURE","InserimentoEsiti1","2021-03-09","2021-09-16"
"SQL_STORED_PROCEDURE","InserimentoEsiti2","2022-07-18","2022-07-18"
"SQL_STORED_PROCEDURE","InserimentoEsitiTest","2023-01-05","2023-01-05"
"SQL_STORED_PROCEDURE","InserimentoSpedizione","2026-05-12","2026-05-12"
"SQL_STORED_PROCEDURE","JSON_call","2021-06-11","2021-11-17"
"SQL_STORED_PROCEDURE","JSON_call_post","2022-07-27","2022-07-27"
"SQL_STORED_PROCEDURE","LoadFromFile","2021-05-19","2026-05-20"
"SQL_STORED_PROCEDURE","LoadFromFile_210519","2021-03-02","2021-05-19"
"SQL_STORED_PROCEDURE","LoadFromFile_211014","2021-10-15","2021-10-15"
"SQL_STORED_PROCEDURE","LoadFromFile_230102","2023-01-02","2023-01-02"
"SQL_STORED_PROCEDURE","LoadFromFile_230724","2023-07-25","2023-07-25"
"SQL_STORED_PROCEDURE","LoadFromFile_230725","2023-07-25","2023-07-25"
"SQL_STORED_PROCEDURE","LoadFromFile_240215","2024-02-15","2024-02-15"
"SQL_STORED_PROCEDURE","loadFromFile_BULK","2022-02-08","2022-02-10"
"SQL_STORED_PROCEDURE","LoadFromFile_test","2021-08-26","2023-01-02"
"SQL_STORED_PROCEDURE","LoadFromFile210826","2021-08-26","2021-08-26"
"SQL_STORED_PROCEDURE","LogInCSO","2025-04-06","2025-04-06"
"SQL_STORED_PROCEDURE","LogInRTI","2024-01-29","2024-01-29"
"SQL_STORED_PROCEDURE","Lotto_Checkin","2023-10-18","2026-01-05"
"SQL_STORED_PROCEDURE","Lotto_Checkin_231018","2021-05-19","2023-10-18"
"SQL_STORED_PROCEDURE","Lotto_CreaVuoto","2021-03-03","2025-12-22"
"SQL_STORED_PROCEDURE","Lotto_Elimina","2024-02-14","2024-02-14"
"SQL_STORED_PROCEDURE","Lotto_VideoCodifica","2021-05-18","2024-11-05"
"SQL_STORED_PROCEDURE","MEZZI_Rifornimenti_Telepass_Carico","2024-04-02","2024-04-02"
"SQL_STORED_PROCEDURE","MG_getDistRiepGG","2024-04-24","2024-05-15"
"SQL_STORED_PROCEDURE","MG_getSpedByDataCarico","2024-04-30","2024-04-30"
"SQL_STORED_PROCEDURE","MG_UpdIdMittente","2024-06-19","2024-06-20"
"SQL_STORED_PROCEDURE","Normalizza_tmp","2025-01-17","2025-01-23"
"SQL_STORED_PROCEDURE","NOT_getDistRiepGG","2024-09-12","2024-09-12"
"SQL_STORED_PROCEDURE","NOT_getSpedByDataCarico","2024-09-12","2024-09-12"
"SQL_STORED_PROCEDURE","NOT_POSTALIZZA","2024-10-09","2024-10-22"
"SQL_STORED_PROCEDURE","PAG_Genera","2023-01-10","2023-01-10"
"SQL_STORED_PROCEDURE","PALM_AGGIORNA_ATTIVITA","2022-06-01","2024-12-11"
"SQL_STORED_PROCEDURE","PALM_AggiornaFiliale","2022-04-29","2024-02-12"
"SQL_STORED_PROCEDURE","PALM_AggiornaReport","2021-06-08","2021-06-08"
"SQL_STORED_PROCEDURE","PALM_AggiornaScontrino","2024-11-04","2024-11-04"
"SQL_STORED_PROCEDURE","PALM_AggiornaScontrino_241104","2022-05-23","2024-11-04"
"SQL_STORED_PROCEDURE","PALM_ELABORA_BATCH","2021-06-10","2025-09-19"
"SQL_STORED_PROCEDURE","PALM_ELABORA_BATCH_LOGIN","2021-11-15","2021-11-15"
"SQL_STORED_PROCEDURE","PALM_ELABORA_BATCH_SPED_2IONE","2021-12-29","2022-01-04"
"SQL_STORED_PROCEDURE","PALM_ELABORA_SENDEMAIL","2022-01-17","2022-03-17"
"SQL_STORED_PROCEDURE","PALM_LOAD","2021-04-05","2026-01-23"
"SQL_STORED_PROCEDURE","PALM_LOAD_GIRO","2025-06-26","2025-06-26"
"SQL_STORED_PROCEDURE","PALM_LOAD_LOTTO","2025-07-30","2026-05-29"
"SQL_STORED_PROCEDURE","PALM_LOG","2021-04-13","2025-08-19"
"SQL_STORED_PROCEDURE","PALM_RESO","2021-04-07","2025-08-26"
"SQL_STORED_PROCEDURE","PALM_RESO_221026","2022-10-26","2022-10-26"
"SQL_STORED_PROCEDURE","PALM_RESO_ADER4RACC","2023-06-22","2023-12-01"
"SQL_STORED_PROCEDURE","PALM_RESO_AggiornaDatiExtra","2023-06-22","2023-12-07"
"SQL_STORED_PROCEDURE","PALM_RESO_ELABORA_ADER4RACC","2023-06-22","2024-07-31"
"SQL_STORED_PROCEDURE","PICKUP_Genera","2024-01-26","2024-01-31"
"SQL_STORED_PROCEDURE","POSTALIZZA","2021-06-01","2022-09-02"
"SQL_STORED_PROCEDURE","POSTE_Aggiorna_Attivita","2022-03-02","2024-10-23"
"SQL_STORED_PROCEDURE","ProcessCPCL","2025-09-04","2025-09-04"
"SQL_STORED_PROCEDURE","PROCESSI_Duplica","2022-09-05","2022-09-26"
"SQL_STORED_PROCEDURE","PROMEMORIA_InvioMailMezzi","2023-03-21","2023-04-04"
"SQL_STORED_PROCEDURE","REND_ANCI","2024-05-13","2025-02-12"
"SQL_STORED_PROCEDURE","REND_CONSIP","2023-04-27","2025-01-30"
"SQL_STORED_PROCEDURE","REND_ESITIPA","2022-12-19","2025-04-07"
"SQL_STORED_PROCEDURE","REND_FILE_ESITIPA","2022-12-19","2023-06-03"
"SQL_STORED_PROCEDURE","REND_FILE_FULMINE","2023-01-25","2023-02-09"
"SQL_STORED_PROCEDURE","REND_FULMINE","2023-01-24","2023-05-18"
"SQL_STORED_PROCEDURE","RicercaBarcode","2021-04-15","2026-02-06"
"SQL_STORED_PROCEDURE","RicercaBarcode_202406","2024-07-01","2024-07-01"
"SQL_STORED_PROCEDURE","RicercaBarcode_240701","2024-07-01","2024-07-01"
"SQL_STORED_PROCEDURE","RP_View_Bolla","2025-12-11","2025-12-16"
"SQL_STORED_PROCEDURE","RP_View_Bordero","2021-10-15","2024-07-25"
"SQL_STORED_PROCEDURE","RP_View_Distinte","2021-03-24","2026-04-23"
"SQL_STORED_PROCEDURE","RP_View_DistinteTrazione","2021-06-28","2021-06-28"
"SQL_STORED_PROCEDURE","RP_View_DistinteXFamiglie","2021-09-06","2021-09-07"
"SQL_STORED_PROCEDURE","RP_View_DistinteXProdotti","2021-09-06","2021-09-06"
"SQL_STORED_PROCEDURE","RP_View_Lotti","2021-05-17","2024-11-02"
"SQL_STORED_PROCEDURE","RP_View_Mezzi","2022-03-15","2025-03-11"
"SQL_STORED_PROCEDURE","RP_View_Notifiche","2022-09-20","2025-09-08"
"SQL_STORED_PROCEDURE","RP_View_NotificheAG","2022-11-18","2026-01-22"
"SQL_STORED_PROCEDURE","RP_View_NotificheTerzi","2022-11-22","2026-01-22"
"SQL_STORED_PROCEDURE","RP_View_Resi","2025-07-23","2025-10-17"
"SQL_STORED_PROCEDURE","RP_View_Scatola","2023-03-08","2024-06-11"
"SQL_STORED_PROCEDURE","RP_View_Spedizione","2023-02-22","2025-12-11"
"SQL_STORED_PROCEDURE","RP_View_Spedizioni","2022-09-16","2025-12-15"
"SQL_STORED_PROCEDURE","RP_View_Spedizioni_220916","2021-03-24","2022-09-16"
"SQL_STORED_PROCEDURE","RP_View_Spedizioni_CSO","2021-11-25","2021-11-29"
"SQL_STORED_PROCEDURE","RP_View_Spedizioni_Distinta","2023-02-22","2023-12-15"
"SQL_STORED_PROCEDURE","RP_View_Spedizioni2","2021-07-28","2021-07-28"
"SQL_STORED_PROCEDURE","RP_View_SpedizioniCap","2021-06-03","2021-06-03"
"SQL_STORED_PROCEDURE","RP_View_SpedizioniConsegnate","2022-06-23","2022-10-24"
"SQL_STORED_PROCEDURE","RP_View_SpedizioniConsegnate_220623","2021-10-14","2022-06-23"
"SQL_STORED_PROCEDURE","RP_View_SpedizioniRacc","2022-09-09","2026-05-05"
"SQL_STORED_PROCEDURE","RP_View_SpedizioniRaccTnoT","2025-10-23","2025-10-23"
"SQL_STORED_PROCEDURE","RP_View_UtentiAttivita","2022-02-11","2024-10-04"
"SQL_STORED_PROCEDURE","RR_Crea","2024-04-03","2025-06-24"
"SQL_STORED_PROCEDURE","RR_CreaSuPalm","2025-06-24","2025-06-24"
"SQL_STORED_PROCEDURE","SCATOLA_AssegnaTestapacco","2024-06-06","2024-06-06"
"SQL_STORED_PROCEDURE","SCATOLA_CorreggiAttribuzione","2026-01-16","2026-01-16"
"SQL_STORED_PROCEDURE","SCATOLA_Crea","2023-03-08","2024-06-06"
"SQL_STORED_PROCEDURE","SendSpikeExpressUpdate","2025-06-09","2025-06-09"
"SQL_STORED_PROCEDURE","SIGN_FileDaFirmare","2022-08-02","2023-07-24"
"SQL_STORED_PROCEDURE","SIGN_InserisceRecordDaFirmare","2022-09-09","2023-02-13"
"SQL_STORED_PROCEDURE","SOTI_AggiornaLoginName","2021-11-15","2021-11-15"
"SQL_STORED_PROCEDURE","sp_alterdiagram","2021-02-04","2021-02-04"
"SQL_STORED_PROCEDURE","sp_creatediagram","2021-02-04","2021-02-04"
"SQL_STORED_PROCEDURE","sp_dropdiagram","2021-02-04","2021-02-04"
"SQL_STORED_PROCEDURE","sp_helpdiagramdefinition","2021-02-04","2021-02-04"
"SQL_STORED_PROCEDURE","sp_helpdiagrams","2021-02-04","2021-02-04"
"SQL_STORED_PROCEDURE","sp_renamediagram","2021-02-04","2021-02-04"
"SQL_STORED_PROCEDURE","sp_upgraddiagrams","2021-02-04","2021-02-04"
"SQL_STORED_PROCEDURE","SPED_AggiornaGiacenza","2022-06-09","2025-10-29"
"SQL_STORED_PROCEDURE","SPED_BOLLA","2025-12-11","2025-12-16"
"SQL_STORED_PROCEDURE","SPED_BOLLA_ANNULLA","2026-03-16","2026-03-17"
"SQL_STORED_PROCEDURE","SPED_INSERIMENTO","2021-06-08","2022-01-14"
"SQL_STORED_PROCEDURE","SPED_INTERNA","2021-12-23","2023-03-08"
"SQL_STORED_PROCEDURE","SPED2Delivery","2021-06-12","2021-06-12"
"SQL_STORED_PROCEDURE","STATO_IndirizzoConfermato","2024-11-13","2024-11-13"
"SQL_STORED_PROCEDURE","TMP_Puizia_Lotto","2021-09-02","2021-09-02"
"SQL_STORED_PROCEDURE","TMP_recupera_consegne","2022-02-14","2022-02-14"
"SQL_STORED_PROCEDURE","TMP_REMOVE_LOTTO","2021-10-21","2021-10-21"
"SQL_STORED_PROCEDURE","TOPPA_InserisciNomeTerzi","2022-12-19","2022-12-19"
"SQL_STORED_PROCEDURE","Tracking","2021-06-17","2026-02-18"
"SQL_STORED_PROCEDURE","UPLOADFILE","2023-06-23","2023-09-26"
"SQL_STORED_PROCEDURE","UTENTI_AggiornaDati","2022-02-21","2026-05-04"
"SQL_STORED_PROCEDURE","UTENTI_AttivitaMancanti","2024-10-18","2025-12-15"
"SQL_STORED_PROCEDURE","UTENTI_CreaAttivita","2022-01-24","2026-05-12"
"SQL_STORED_PROCEDURE","UTENTI_Dettaglio","2023-10-11","2025-09-29"
"SQL_STORED_PROCEDURE","UTENTI_Dettaglio_231011","2023-10-04","2023-10-11"
"SQL_STORED_PROCEDURE","UTENTI_GetParametri","2021-03-18","2023-02-21"
"SQL_STORED_PROCEDURE","UTENTI_Manutenzione","2025-08-26","2025-08-26"
"SQL_STORED_PROCEDURE","VerificaBarcode","2024-01-09","2026-05-06"
"SQL_STORED_PROCEDURE","VerificaBarcode_231129","2021-02-22","2024-01-09"
"SQL_STORED_PROCEDURE","VerificaBarcode_231130","2023-11-30","2024-01-26"
"SQL_STORED_PROCEDURE","verificaSigilli","2025-02-18","2025-03-12"
"SQL_STORED_PROCEDURE","viewADER4_Lotti","2023-11-09","2023-11-09"
"SQL_STORED_PROCEDURE","WEB_Tracking","2022-06-29","2026-02-23"
"SQL_STORED_PROCEDURE","WebTrackingRTI","2023-04-02","2025-06-17"
"SQL_TABLE_VALUED_FUNCTION","fn_split_string_to_column","2021-05-19","2021-05-19"
"SQL_TABLE_VALUED_FUNCTION","ProfiliUtente","2021-03-16","2021-03-16"
"SQL_TABLE_VALUED_FUNCTION","SplitString","2021-02-28","2021-05-19"
"SQL_TRIGGER","TR_DEL_UTENTI","2024-11-28","2024-11-28"
"SQL_TRIGGER","TR_GEO_COPERTURE_UpdateDate","2025-08-19","2026-03-26"
"SQL_TRIGGER","TR_INSUP_CLIENTI","2025-06-06","2025-06-06"
"SQL_TRIGGER","TR_INSUP_COPERTURE","2022-06-09","2022-06-09"
"SQL_TRIGGER","TR_INSUP_MEZZI","2023-01-27","2023-01-27"
"SQL_TRIGGER","TR_INSUP_PRODOTTI","2024-07-19","2024-07-19"
"SQL_TRIGGER","TR_INSUP_SPED_AZIONI","2023-03-09","2023-03-09"
"SQL_TRIGGER","TR_INSUP_SPED_STATI","2025-11-20","2025-11-20"
"SQL_TRIGGER","TR_INSUP_SPED_WORKFLOW","2024-05-17","2024-05-17"
"SQL_TRIGGER","TR_INSUP_UTENTI","2024-11-28","2024-11-28"
"SQL_TRIGGER","TR_UP_UTENTI","2024-10-23","2024-11-28"
"SQL_TRIGGER","TR_UP_UTENTIATTIVITA","2022-03-18","2022-03-18"
"SQL_TRIGGER","trg_InviaEmailDopoInserimento","2023-09-21","2023-10-09"
"SQL_TRIGGER","trg_SetColoreOnInsert","2025-06-28","2025-06-28"
"SQL_TRIGGER","trg_UpdateDataModifica_geoCoperture","2025-07-24","2025-08-19"
"SQL_TRIGGER","trg_UpdateDataUltimaModifica","2025-06-25","2025-06-25"
"VIEW","ADE_Riepilogo","2024-01-22","2024-04-15"
"VIEW","ADE_RiepilogoInLavorazione","2024-01-25","2024-04-16"
"VIEW","DATE_FESTIVE","2026-04-30","2026-04-30"
"VIEW","PALM_ATTIVITA","2021-02-11","2025-05-14"
"VIEW","PALM_RAW","2021-03-26","2023-02-28"
"VIEW","PALM_SERVIZI","2021-04-06","2021-04-06"
"VIEW","PALM_STAMPE","2021-04-06","2021-04-06"
"VIEW","PALM_TIPOEVENTO","2021-04-06","2021-04-06"
"VIEW","PALM_TIPORIFERIMENTO","2021-04-06","2021-04-06"
"VIEW","RP_V_Distinte","2021-12-21","2024-12-20"
"VIEW","RP_V_DistinteXFamiglie","2021-12-21","2021-12-21"
"VIEW","RP_V_DistinteXProdotti","2021-12-21","2021-12-21"
"VIEW","RP_V_DistinteXTrazione","2021-12-21","2021-12-21"
"VIEW","RP_V_Spedizioni","2021-12-21","2024-05-20"
"VIEW","tmp_geo","2025-02-26","2025-02-27"
"VIEW","V_Ader4_Certificazioni","2024-12-21","2024-12-21"
"VIEW","V_ADER4_ManutenzioneDistinte","2024-03-18","2024-03-18"
"VIEW","V_ADEX_AperteDataTrazione","2025-10-27","2025-10-28"
"VIEW","V_ADEX_AperteNoRend","2025-11-24","2025-11-24"
"VIEW","V_ADEX_DiffCopertura","2026-03-11","2026-03-12"
"VIEW","V_AnomalieAder4","2024-11-15","2024-12-17"
"VIEW","V_CLI_2046_RIEPILOGOLOTTI","2021-09-15","2021-09-15"
"VIEW","V_CONDIZIONI_FAMIGLIE","2021-05-14","2021-05-14"
"VIEW","V_DASH_CLIENTE_AFFIDI","2021-12-02","2021-12-02"
"VIEW","V_DASH_CLIENTI_CONSEGNE","2021-12-02","2021-12-02"
"VIEW","V_DatiMezzi","2023-02-22","2023-02-22"
"VIEW","V_Dipendenti","2024-11-20","2024-11-29"
"VIEW","V_DW","2021-07-23","2021-07-23"
"VIEW","V_DW_punteggiGiorno","2025-12-27","2025-12-29"
"VIEW","V_DW_punteggiMese","2025-12-27","2025-12-29"
"VIEW","V_ElencoCDC","2025-01-08","2025-01-08"
"VIEW","V_ElencoCosti","2022-03-30","2025-01-08"
"VIEW","V_ElencoDDT","2025-12-12","2026-03-16"
"VIEW","V_ElencoDriver","2021-05-27","2025-06-26"
"VIEW","V_ElencoFilialiAttivita01","2026-01-19","2026-03-13"
"VIEW","V_ElencoFilialiAttivita02","2026-01-19","2026-03-13"
"VIEW","V_ElencoFilialiAttivita03","2026-01-19","2026-03-13"
"VIEW","V_ElencoGeoSped","2025-02-25","2026-03-17"
"VIEW","V_ElencoLotti","2022-06-20","2025-05-21"
"VIEW","V_ElencoLottiADER4","2023-09-26","2023-09-26"
"VIEW","V_ElencoLottiCSO","2024-07-18","2024-07-19"
"VIEW","V_ElencoLottiDaCheckIn","2021-05-18","2023-09-20"
"VIEW","V_ElencoLottiDaVideocodificare","2021-05-17","2024-03-21"
"VIEW","V_ElencoLottiEX","2025-03-06","2025-03-06"
"VIEW","V_ElencoLottiParcel","2025-12-22","2025-12-28"
"VIEW","V_ElencoLottiParcelDettaglio","2025-12-22","2026-01-14"
"VIEW","V_ElencoLottiSPEEDY","2025-05-29","2025-05-29"
"VIEW","V_ElencoSpedizioni","2022-10-17","2022-10-17"
"VIEW","V_ElencoSpedizioniCliente","2023-02-09","2023-02-09"
"VIEW","V_ElencoSpedizioniPortaleCliente","2026-03-13","2026-04-29"
"VIEW","V_ElencoSpedizioniSp1","2024-04-02","2024-04-02"
"VIEW","V_GEO_ElencoDriver","2025-06-04","2025-06-26"
"VIEW","V_GEO_ElencoGiri","2025-06-04","2025-06-26"
"VIEW","V_Lotti","2022-02-10","2022-02-10"
"VIEW","V_Mezzi_AnalisiRifornimenti","2024-02-09","2026-05-21"
"VIEW","V_Mezzi_ElencoPassaggiTelepass","2024-04-02","2024-04-02"
"VIEW","V_Mezzi_VociFattura","2024-03-21","2024-03-22"
"VIEW","V_MezziAttuali","2024-02-12","2026-05-21"
"VIEW","V_MezziInUso","2025-10-06","2025-12-30"
"VIEW","V_MezziInUso_01","2025-10-06","2026-01-12"
"VIEW","V_MezziInUso_02","2025-10-06","2026-01-12"
"VIEW","V_PickupG0","2024-01-31","2024-01-31"
"VIEW","V_Postalizzazione","2023-05-29","2023-05-29"
"VIEW","V_PreventiviAperti","2024-12-05","2024-12-05"
"VIEW","V_RicercaAnagrafica","2023-06-01","2023-06-01"
"VIEW","V_RICERCADISTINTA","2021-04-12","2021-04-12"
"VIEW","V_RICERCAMULTIPLA","2021-04-12","2025-09-02"
"VIEW","V_RICERCAMULTIPLA_Fulmine","2023-02-23","2023-03-10"
"VIEW","V_RiepilogoDatiDriver","2021-07-29","2025-03-10"
"VIEW","V_RiepilogoFineGita","2023-09-25","2025-03-10"
"VIEW","V_Scansioni","2025-01-10","2025-08-14"
"VIEW","V_TRACKING","2021-09-09","2021-09-09"
"VIEW","V_Tracking:ContattiRiferimentiMittente","2022-02-10","2022-02-10"
"VIEW","V_TrackingAltriDati","2022-02-10","2022-02-10"
"VIEW","V_TrackingDatiProdotto","2022-02-10","2022-02-10"
"VIEW","V_TrackingDest","2022-02-10","2022-02-10"
"VIEW","V_TrackingRitiro","2022-02-10","2022-02-10"
"VIEW","V_UtentiAttivi","2026-03-16","2026-03-16"
"VIEW","V_UtentiAttivita","2022-03-24","2026-01-30"
"VIEW","V_UtentiAttivita2024","2024-02-28","2026-03-04"
"VIEW","V_UtentiAttivita2024_260304","2026-03-04","2026-03-04"
"VIEW","V_UtentiAttivita2024_old","2024-10-02","2024-10-02"
"VIEW","vw_RandomValue","2026-01-22","2026-01-22"
