"classificazione_proposta","in_uso","schema_nome","tabella","righe","mb","ultima_lettura","ultima_scrittura","creata","modificata"
"","","dbo","SPED_SPED2DISTINTE","77632766","24063,1","2026-06-11 12:40","2026-06-11 12:40","2021-09-15","2025-03-01"
"","","dbo","SPED_ATTIVITA","14955718","21672,3","2026-06-11 12:40","2026-06-11 12:40","2021-12-28","2026-04-30"
"LOG","","dbo","LOGTabelle","17834052","9867,4","2026-03-23 11:11","2026-06-11 12:40","2022-01-04","2022-01-15"
"","","dbo","ADER4_REND_IMG","6435136","2727,4","2026-06-10 15:38","2026-06-10 15:38","2023-06-02","2026-05-30"
"","","dbo","ADER4_REND","8822479","1926,3","2026-06-11 12:40","2026-06-11 00:13","2023-05-29","2025-02-07"
"","","dbo","POSTE_OGGETTI","4175724","1225,8","2026-06-09 12:59","","2022-03-02","2023-12-12"
"","","dbo","ADE_REND","3531922","758,2","2026-06-10 21:43","2026-03-16 20:53","2023-12-15","2025-11-01"
"","","dbo","FATT_POSTINI","3994885","581,7","2026-05-11 13:35","2026-05-11 13:34","2022-12-22","2023-06-12"
"","","dbo","ADER4_SAL","1860605","371,5","2026-06-11 12:21","2026-06-09 12:34","2024-01-15","2026-02-21"
"TEMP/OLD?","","dbo","tmpRiscossione_PRT","4575054","370,6","","","2025-02-07","2025-02-07"
"LOG","","dbo","LOG_Exec","1373847","244,0","2026-06-11 01:08","2026-06-11 12:40","2021-05-11","2021-05-11"
"","","dbo","PAG_POSTINI","1486208","236,8","","","2023-01-10","2023-01-10"
"","","dbo","SPED_DISTINTE","1264157","234,5","2026-06-11 12:40","2026-06-11 12:40","2023-01-05","2025-02-15"
"","","dbo","MG_rend_sped","355088","221,3","2026-04-08 17:48","2026-04-07 13:08","2026-04-02","2026-04-11"
"","","dbo","ADER4_ANAGRAFICA","1426678","207,8","2026-06-10 14:13","2026-06-04 14:13","2023-05-30","2024-02-08"
"","","dbo","Sig_Mazzette","1296462","170,6","2026-06-11 12:21","2026-04-30 11:31","2025-02-28","2025-03-03"
"","","dbo","COSTI","205734","167,7","2026-06-11 11:58","2026-06-11 08:05","2022-03-03","2026-04-14"
"","","dbo","CRM_DETTAGLIO","1018737","164,1","2026-06-11 12:40","2026-06-11 12:12","2022-01-16","2025-06-07"
"","","dbo","ADER4_FileAFF","1942844","158,1","","","2023-05-23","2023-05-23"
"","","dbo","ADEX_ade_documenti","582750","150,0","2026-06-11 12:00","2026-06-11 12:00","2025-04-10","2025-04-14"
"TEMP/OLD?","","dbo","tmpADE_Riconcilia","823437","133,1","2026-02-17 16:29","","2025-07-09","2025-07-09"
"","","dbo","ADEX_ade_esiti","746699","113,5","2026-06-11 12:00","2026-06-11 12:00","2025-09-04","2025-09-04"
"","","dbo","UTENTI_ATTIVITA","620315","112,2","2026-06-11 12:38","2026-06-11 12:29","2022-02-10","2026-06-06"
"TEMP/OLD?","","dbo","tmp_250201_fatt","972508","110,1","","","2025-04-04","2025-04-04"
"TEMP/OLD?","","dbo","tmp_250228_import","405366","89,1","","","2025-02-28","2025-02-28"
"","","dbo","FILE_LOAD","215951","87,1","2026-06-11 11:13","2026-06-11 11:13","2021-02-19","2022-02-04"
"TEMP/OLD?","","dbo","tmpControlloTrim2026","81288","77,3","2026-05-14 10:16","2026-05-11 09:45","2026-05-11","2026-05-11"
"","","dbo","ADEX_REND","1401078","68,8","2026-06-11 12:31","2026-06-11 12:31","2026-05-19","2026-05-19"
"","","dbo","ADE_DocumentiPDF_B64","652476","67,8","2026-06-11 12:31","2026-06-11 01:44","2025-06-23","2026-06-06"
"","","dbo","MergeCSO","115399","63,8","","","2025-04-28","2025-04-28"
"","","dbo","FATT_AGENZIE_ADE_LOTTO1","698475","63,5","2026-06-03 11:31","2026-03-25 10:29","2024-05-09","2024-09-04"
"TEMP/OLD?","","dbo","tmp_TS_DaRendicontare","85590","61,1","","","2025-10-30","2025-10-30"
"TEMP/OLD?","","dbo","tmpADER_PRT_M1","957989","60,2","","","2025-02-07","2025-02-07"
"","","dbo","ADEX_ade_restituzioni","479864","55,0","2026-06-11 12:00","2026-06-11 12:00","2025-09-04","2025-09-04"
"TEMP/OLD?","","dbo","tmp_241122_esitisispi","551580","52,3","","","2024-11-22","2024-11-22"
"TEMP/OLD?","","dbo","tmp_imile","117711","50,6","2026-05-26 02:31","2026-05-26 02:31","2026-03-17","2026-03-17"
"TEMP/OLD?","","dbo","tmpAdeLotto1UpdGeoCod","53744","38,3","2026-02-16 13:22","","2026-02-16","2026-02-16"
"TEMP/OLD?","","dbo","tmp_import_inpost","75210","32,4","2026-05-22 02:30","2026-05-22 02:30","2026-03-10","2026-03-10"
"","","dbo","pstResocontoADER","402501","32,3","","","2023-10-09","2023-10-09"
"TEMP/OLD?","","dbo","tmpADER_M43_M44_R44","198759","29,9","","","2025-03-12","2025-03-12"
"TEMP/OLD?","","dbo","tmpCL0112_2601","106302","29,3","","","2023-01-27","2023-01-27"
"TEMP/OLD?","","dbo","tmpCaltaqua2026","75043","26,8","2026-04-22 12:15","2026-03-20 16:21","2026-03-20","2026-03-20"
"","","dbo","MEZZI_KM","249865","24,7","2026-06-11 12:38","2026-06-11 12:38","2022-03-03","2022-03-10"
"TEMP/OLD?","","dbo","tmp_241126_sispi_riepilogo","195442","23,4","","","2024-11-26","2024-11-26"
"","","dbo","SPED_LOTTI","101898","22,7","2026-06-11 12:40","2026-06-11 12:26","2023-05-23","2025-03-29"
"","","dbo","FATT_PENALI_AGENZIE_ADE_LOTTO1","212126","22,7","","2026-03-25 10:29","2025-01-29","2025-01-29"
"","","dbo","GEO_COMUNE","24687","22,2","2026-06-11 12:40","2026-04-01 15:59","2025-09-09","2026-02-23"
"TEMP/OLD?","","dbo","tmp_260115_ader4","179566","21,0","2026-02-16 19:37","","2026-01-15","2026-01-16"
"TEMP/OLD?","","dbo","tmp_ade_geocode_shift","109687","20,8","2026-02-26 10:49","","2025-10-28","2025-10-28"
"TEMP/OLD?","","dbo","tmp_241122_esitisispi3","195442","20,1","","","2024-11-22","2024-11-22"
"","","dbo","SPED_2IONE","146642","20,1","","2026-06-11 12:40","2021-12-29","2023-12-20"
"TEMP/OLD?","","dbo","tmp_260116","179572","19,8","","","2026-01-16","2026-01-16"
"DATATA?","","dbo","FatturabiliADER_19112024","230613","19,1","","","2024-11-21","2024-11-21"
"","","dbo","ADEX_SAL","129639","17,8","2026-05-25 13:22","2026-05-25 11:21","2025-08-13","2025-10-13"
"TEMP/OLD?","","dbo","tmp_ENEL_04072022","129634","16,9","","","2022-07-04","2022-07-04"
"TEMP/OLD?","","dbo","tmp_241126_sispi_dett","262850","16,6","","","2024-11-26","2024-11-26"
"","","dbo","DW_Dati","300157","16,4","2026-06-11 12:40","2026-06-11 12:00","2021-07-23","2021-07-23"
"","","dbo","REND_ESITI","111026","16,1","2026-06-10 23:13","2026-06-10 23:13","2023-01-03","2024-05-23"
"","","dbo","MG_FATT_AGENZIE","81676","16,1","2026-06-11 11:47","2026-06-11 11:10","2024-04-10","2024-05-02"
"TEMP/OLD?","","dbo","tmp_241122_esitisisti2","195442","16,1","","","2024-11-22","2024-11-22"
"TEMP/OLD?","","dbo","tmp_ade_geocode","109687","14,8","2026-02-16 12:01","","2025-10-28","2025-10-28"
"","","dbo","ImpCarichi","115836","12,7","","","2022-02-08","2022-02-08"
"TEMP/OLD?","","dbo","tmpCsoSal230","56900","12,3","","","2024-05-14","2024-05-14"
"","","dbo","CALTA_REND_IMG","73738","10,1","2026-03-24 12:44","2026-03-24 12:44","2024-10-31","2025-05-31"
"","","dbo","MEZZI_Posizione","110613","9,4","2026-06-11 12:31","2026-06-11 12:31","2026-03-31","2026-03-31"
"TEMP/OLD?","","dbo","tmp_ade_geocode2_shift_rend","82566","9,3","2026-02-26 10:43","2026-02-23 12:21","2026-02-17","2026-02-17"
"TEMP/OLD?","","dbo","tmpControlloAVV","70603","8,9","","","2025-01-15","2025-01-15"
"","","dbo","GEO_COPERTURE","51890","8,8","2026-06-11 12:40","2026-06-03 12:00","2022-01-11","2026-03-26"
"TEMP/OLD?","","dbo","tmp_240521_SPEDRR","13878","8,1","","","2024-05-21","2024-05-21"
"TEMP/OLD?","","dbo","tmp_hrimport","33381","7,9","2026-06-11 02:30","2026-06-11 02:30","2026-03-05","2026-03-05"
"TEMP/OLD?","","dbo","tmpCarico_BSA_20230721","39810","7,8","","","2023-07-27","2023-07-27"
"TEMP/OLD?","","dbo","tmp_BSA_EstrattiConto","42173","7,8","","","2023-03-07","2023-03-07"
"","","dbo","ADER4_OK","60972","7,7","2026-06-11 12:40","2026-06-09 00:13","2023-06-29","2023-06-29"
"TEMP/OLD?","","dbo","tmpCarico_BSA_20220208","41555","7,6","","","2022-02-08","2022-02-16"
"TEMP/OLD?","","dbo","ADER4_REND_BACKUP","36975","7,6","2026-06-08 13:38","2026-06-08 13:39","2023-07-28","2023-07-28"
"","","dbo","FATT_DETTAGLIO","190384","7,0","2026-06-02 22:43","2026-06-02 22:42","2021-02-16","2022-04-06"
"TEMP/OLD?","","dbo","tmpADER_Fatturabili_CGD_ok","176690","6,6","","","2024-10-31","2024-10-31"
"","","dbo","ADER4_fileEVE","56365","6,5","2026-06-11 12:02","2026-05-05 20:25","2023-05-23","2024-02-08"
"TEMP/OLD?","","dbo","tmpCarico_BSA_20220721","33528","6,3","","","2022-07-25","2022-07-25"
"TEMP/OLD?","","dbo","tmpCarico_BSA_20221028","32720","6,1","","","2022-11-04","2022-11-04"
"TEMP/OLD?","","dbo","tmpCarico_BSA_20241028","31914","6,1","","","2024-11-06","2024-11-06"
"TEMP/OLD?","","dbo","tmpCarico_BSA_20230203","30987","5,9","","","2023-02-10","2023-02-10"
"","","dbo","ADEX_flusso","13742","5,9","2026-06-11 12:00","2026-06-11 12:00","2025-04-10","2025-09-17"
"TEMP/OLD?","","dbo","tmpADER_36Bis","79785","5,9","2026-02-20 10:54","","2024-07-02","2024-07-02"
"TEMP/OLD?","","dbo","tmp36BISCSO_22102024","34915","5,7","","","2024-10-22","2024-10-22"
"TEMP/OLD?","","dbo","tmp_import","14493","5,6","2026-06-11 08:00","2026-06-11 08:00","2024-11-05","2025-09-13"
"TEMP/OLD?","","dbo","tmpCarico_BSA_20220426","28823","5,5","","","2022-04-29","2022-05-10"
"TEMP/OLD?","","dbo","tmp_02_Atti_SenzaRend","21529","5,1","2026-06-10 15:11","2026-06-10 13:17","2026-06-10","2026-06-10"
"TEMP/OLD?","","dbo","tmpCarico_BSA_20240126","27038","5,1","","","2024-01-31","2024-01-31"
"","","dbo","MEZZI_Telepass","35522","5,1","2026-06-11 08:05","2026-06-11 08:05","2024-04-02","2025-04-23"
"TEMP/OLD?","","dbo","tmpImpSalAG","24242","4,9","2026-05-25 11:21","2026-05-25 11:21","2026-05-25","2026-05-25"
"TEMP/OLD?","","dbo","tmpCarico_BSA_20230420","27131","4,9","","","2023-04-26","2023-04-26"
"TEMP/OLD?","","dbo","tmpCarico_BSA_20241014","22790","4,6","","","2024-10-18","2024-10-18"
"TEMP/OLD?","","dbo","tmp_Importo_Zero_12032025","25262","4,6","2026-02-20 11:19","","2025-03-12","2025-03-12"
"TEMP/OLD?","","dbo","tmpADER_LastSal","89044","4,4","","","2025-10-10","2025-10-10"
"TEMP/OLD?","","dbo","tmpCarico_BSA_20231103","22500","4,3","","","2023-11-15","2023-11-15"
"TEMP/OLD?","","dbo","tmpImpCarichi_asdsdfgfgh","38612","4,3","","","2022-02-09","2022-02-09"
"","","dbo","ADEX_ack_flusso","22152","4,2","2026-06-11 12:00","2026-06-11 12:00","2025-04-09","2025-04-09"
"","","dbo","SIGN_FILE","90704","4,1","2026-06-11 12:40","","2022-08-02","2023-12-12"
"TEMP/OLD?","","dbo","tmpImpCarichi","31914","3,7","","","2024-11-06","2024-11-06"
"","","dbo","FAT_BPSA_SCARSO","27038","3,3","","","2024-02-27","2024-02-27"
"TEMP/OLD?","","dbo","tmpCarico_BSA_20220615","17424","3,3","","","2022-06-17","2022-06-17"
"TEMP/OLD?","","dbo","tmp_260515_ader2_analisi_bis","25307","3,3","2026-05-27 12:22","","2026-05-22","2026-05-22"
"TEMP/OLD?","","dbo","tmpImpCarichi_ffffff","28823","3,3","","","2022-04-29","2022-04-29"
"TEMP/OLD?","","dbo","tmp_01_CRT_daDefinire","14509","3,2","2026-06-10 15:11","","2026-06-10","2026-06-10"
"TEMP/OLD?","","dbo","tmpCarico_BSA_20240712","16066","3,1","","","2024-07-23","2024-07-23"
"TEMP/OLD?","","dbo","tmpCarico_BSA_20240405","16456","3,1","","","2024-04-10","2024-04-10"
"TEMP/OLD?","","dbo","tmp36BisSorce","40927","3,1","","","2024-11-22","2024-11-22"
"","","dbo","CRM_FILE","17053","3,1","2026-06-11 12:40","2026-06-11 12:12","2022-09-29","2023-12-12"
"TEMP/OLD?","","dbo","tmp_260515_ader2","21529","3,1","2026-06-10 13:09","","2026-05-15","2026-05-15"
"TEMP/OLD?","","dbo","tmpFassari_NoRend","23924","3,0","2026-04-09 17:03","2026-04-09 16:34","2026-04-09","2026-04-09"
"TEMP/OLD?","","dbo","tmpRS_Riemesse","68062","2,9","","","2025-01-16","2025-01-16"
"TEMP/OLD?","","dbo","tmp_260515_ader2_analisi","22531","2,9","2026-05-27 12:14","","2026-05-15","2026-05-15"
"TEMP/OLD?","","dbo","tmpCarico_BSA_20230510","14525","2,8","","","2023-05-19","2023-05-19"
"TEMP/OLD?","","dbo","tmp_250224_sped2dist_utenti","129243","2,7","","","2025-02-24","2025-02-24"
"","","dbo","ADER4_tmp_EVE","26313","2,6","2026-05-05 20:25","2026-05-05 20:25","2023-05-23","2023-05-23"
"TEMP/OLD?","","dbo","tmpSAL230i","27431","2,6","","","2024-05-14","2024-05-14"
"TEMP/OLD?","","dbo","tmpADER_daAnalizzare","27668","2,6","2026-06-10 13:08","2026-04-24 09:20","2026-04-24","2026-04-24"
"","","dbo","ADER4_Ordine_WS","825","2,3","2026-06-11 12:26","","2023-07-28","2023-11-14"
"TEMP/OLD?","","dbo","tmp_ade_geocode_shift_rend","9749","2,1","2026-02-17 15:55","2026-02-17 10:46","2026-02-17","2026-02-17"
"TEMP/OLD?","","dbo","tmpCarico_BSA_20230222","11529","2,1","","","2023-03-01","2023-03-01"
"TEMP/OLD?","","dbo","tmpEnelSicilia","6918","2,0","","","2022-02-01","2022-02-01"
"TEMP/OLD?","","dbo","tmp_240408_palm_scollegatidasped","6962","2,0","","","2024-04-08","2024-04-08"
"TEMP/OLD?","","dbo","tmpImpCarichi_ff","17424","1,9","","","2022-06-17","2022-06-17"
"TEMP/OLD?","","dbo","tmp_260515_ader1","14509","1,9","2026-06-10 13:09","","2026-05-15","2026-05-15"
"TEMP/OLD?","","dbo","tmpR140ADER","20065","1,9","2026-06-05 12:30","","2026-06-05","2026-06-05"
"TEMP/OLD?","","dbo","tmpCarico_BSA_20230220","10286","1,9","","","2023-02-22","2023-02-22"
"TEMP/OLD?","","dbo","tmp_260129_poste","3443","1,8","","","2026-01-29","2026-01-29"
"","","dbo","UTENTI","6042","1,8","2026-06-11 12:40","2026-06-11 12:40","2023-05-26","2026-06-06"
"TEMP/OLD?","","dbo","tmp_IACP_AR","4407","1,7","","","2022-12-23","2022-12-29"
"TEMP/OLD?","","dbo","tmp_260515_ader1_analisi_bis","14590","1,7","2026-05-27 12:22","","2026-05-22","2026-05-22"
"TEMP/OLD?","","dbo","SPED_SPED2DISTINTE_BACKUP","10514","1,7","","2026-06-11 12:40","2023-07-28","2023-07-28"
"TEMP/OLD?","","dbo","tmp_260515_ader1_analisi","14562","1,7","2026-05-27 12:14","","2026-05-15","2026-05-15"
"TEMP/OLD?","","dbo","tmpADER_daRichiamare","20893","1,6","2026-06-10 13:08","2026-03-30 15:27","2026-03-30","2026-03-30"
"","","dbo","ADER4_Quadratura","5454","1,6","2026-06-10 22:43","2026-06-10 22:43","2023-05-29","2023-12-12"
"TEMP/OLD?","","dbo","tmpCarico_BSA_20220209","8762","1,6","","","2022-02-09","2022-02-16"
"TEMP/OLD?","","dbo","tmpImgCntADER","40382","1,6","","","2026-01-16","2026-01-16"
"TEMP/OLD?","","dbo","tmpCarico_BSA_20220217","8128","1,5","","","2022-02-21","2022-02-21"
"TEMP/OLD?","","dbo","tmpCarico_BSA_20240205","7561","1,5","","","2024-02-16","2024-02-16"
"","","dbo","MAP_comuni_cap","8458","1,4","2026-04-02 22:55","","2026-02-11","2026-02-11"
"TEMP/OLD?","","dbo","tmpIACPAbbinate_Lotto3","4513","1,4","","","2023-01-03","2023-01-03"
"TEMP/OLD?","","dbo","tmpIACPAbbinate_Lotto22","4513","1,4","","","2022-12-30","2022-12-30"
"TEMP/OLD?","","dbo","tmpIACPAbbinate_Lotto4","4407","1,4","","","2023-01-03","2023-01-03"
"TEMP/OLD?","","dbo","tmp_DKV2","4174","1,4","2026-06-11 08:05","2026-06-11 08:05","2026-06-11","2026-06-11"
"TEMP/OLD?","","dbo","tmpIACPAbbinate_Lotto2","4513","1,4","","","2022-12-29","2022-12-29"
"TEMP/OLD?","","dbo","tmpSAL237_DIFF","31198","1,4","","","2024-12-11","2024-12-11"
"TEMP/OLD?","","dbo","MAP_comuni_cap_OLD","8458","1,4","","","2025-07-02","2026-02-11"
"TEMP/OLD?","","dbo","tmpCaltaquaInUscitaVenerdi_17042026","6231","1,4","2026-05-07 11:38","2026-05-07 10:50","2026-05-07","2026-05-07"
"TEMP/OLD?","","dbo","tmpCarico_BSA_20220830","4601","1,3","","","2022-08-31","2022-08-31"
"TEMP/OLD?","","dbo","tmpCarico_BSA_20230125_1","6944","1,3","","","2023-01-30","2023-01-30"
"TEMP/OLD?","","dbo","tmp_2603331_gps","37965","1,3","","","2026-03-31","2026-03-31"
"","","dbo","ADEX_ade_scatole","10656","1,3","2026-06-11 12:00","2026-06-11 12:00","2025-04-14","2025-04-14"
"TEMP/OLD?","","dbo","tmpCarico_BSA_20240513","6243","1,3","","","2024-05-28","2024-05-28"
"TEMP/OLD?","","dbo","tmp_DKV_GPS","35010","1,3","2026-06-11 12:31","2026-06-11 12:31","2026-06-11","2026-06-11"
"TEMP/OLD?","","dbo","tmpCarico_BSA_20241220","6549","1,3","","","2025-01-07","2025-01-07"
"TEMP/OLD?","","dbo","tmpCarico_BSA_20240215","6320","1,3","","","2024-02-16","2024-02-16"
"TEMP/OLD?","","dbo","tmpCarico_BSA_20230824","5718","1,2","","","2023-08-31","2023-08-31"
"TEMP/OLD?","","dbo","tmp_251111_NuoviCap","1134","1,2","","","2025-11-11","2025-11-11"
"TEMP/OLD?","","dbo","tmpCarico_BSA_20220112","4231","1,1","","","2022-01-14","2022-02-16"
"TEMP/OLD?","","dbo","tmpCarico_BSA_20231215","5297","1,1","","","2023-12-18","2023-12-18"
"TEMP/OLD?","","dbo","tmpEnelStatics","4390","1,1","","","2022-07-04","2022-07-04"
"TEMP/OLD?","","dbo","tmpCarico_BSA_20230927","5649","1,1","","","2023-10-02","2023-10-02"
"TEMP/OLD?","","dbo","tmpFile1_Lotto994_AttiNonDefiniti_10095","10095","1,1","2026-06-10 15:11","2026-06-10 12:45","2026-06-10","2026-06-10"
"TEMP/OLD?","","dbo","tmpFassariFILE2","12751","1,1","2026-04-09 17:03","2026-04-09 16:45","2026-04-09","2026-04-09"
"TEMP/OLD?","","dbo","tmpAG_TEST","4998","1,1","","","2025-07-30","2025-07-30"
"TEMP/OLD?","","dbo","tmp_250919_palm","178","1,0","","","2025-09-17","2025-09-17"
"TEMP/OLD?","","dbo","MAP_comuni_validita_OLD","16061","1,0","","","2025-07-02","2026-02-11"
"","","dbo","GEO_GIRIVERTICI","22889","1,0","2026-05-15 14:38","2026-04-02 13:54","2025-02-27","2026-01-31"
"TEMP/OLD?","","dbo","tmpCarico_BSA_20220201","5455","1,0","","","2022-02-12","2022-02-16"
"TEMP/OLD?","","dbo","tmpCarico_BSA_20221121","4907","0,9","","","2022-11-22","2022-11-22"
"","","dbo","MAP_comuni_validita","16438","0,9","","","2026-02-11","2026-02-11"
"TEMP/OLD?","","dbo","tmpImpCarichiGela","4293","0,9","","","2024-06-26","2024-06-26"
"TEMP/OLD?","","dbo","tmp_240207_palmattivita","14798","0,9","","","2024-02-07","2024-02-07"
"TEMP/OLD?","","dbo","tmpCarico_BSA_20231024","4722","0,9","","","2023-10-25","2023-10-25"
"","","dbo","listacomuni","8092","0,9","","","2021-03-30","2021-03-30"
"TEMP/OLD?","","dbo","tmp_220607","32675","0,9","","","2022-06-07","2022-06-07"
"TEMP/OLD?","","dbo","tmp_250917_palm","178","0,9","","","2025-09-17","2025-09-17"
"TEMP/OLD?","","dbo","tmpSAL_225_DatiPenali","7191","0,9","","","2024-02-07","2024-02-07"
"","","dbo","Calendario","36525","0,9","2026-06-11 12:40","","2025-01-29","2025-03-15"
"TEMP/OLD?","","dbo","tmpCarico_BSA_20220321","5018","0,9","","","2022-03-23","2022-03-23"
"TEMP/OLD?","","dbo","tmpCarico_BSA_20230529","3812","0,8","","","2023-06-05","2023-06-05"
"","","dbo","tmoAder4OrdiniTest","234","0,8","","","2023-09-18","2023-09-18"
"TEMP/OLD?","","dbo","tmp_260129_girivertici","17669","0,8","","","2026-01-29","2026-01-29"
"TEMP/OLD?","","dbo","tmp_260608_rend","26643","0,8","2026-06-08 13:40","","2026-06-08","2026-06-08"
"TEMP/OLD?","","dbo","tmp_260129_girivertici2","18623","0,8","","","2026-01-29","2026-01-29"
"TEMP/OLD?","","dbo","tmp_250908_esiti3337","10476","0,8","","","2025-09-08","2025-09-08"
"TEMP/OLD?","","dbo","MAP_comuni_OLD","7896","0,8","","","2025-07-02","2026-02-11"
"TEMP/OLD?","","dbo","tmpCarico_BSA_20231116","3979","0,8","","","2023-11-17","2023-11-17"
"TEMP/OLD?","","dbo","tmp_240521_RR","13878","0,8","","","2024-05-21","2024-05-21"
"TEMP/OLD?","","dbo","MAP_comuni_nazioni_cf_OLD","16356","0,8","","","2025-07-02","2026-02-11"
"TEMP/OLD?","","dbo","tmpCarico_BSA_20230223","4379","0,8","","","2023-02-24","2023-02-24"
"TEMP/OLD?","","dbo","tmpCarico_BSA_20230330","3671","0,8","","","2023-04-05","2023-04-05"
"","","dbo","MAP_comuni","7896","0,8","","","2026-02-11","2026-02-11"
"TEMP/OLD?","","dbo","tmpCarico_BSA_20220916","3575","0,7","","","2022-09-21","2022-09-21"
"TEMP/OLD?","","dbo","tmpADER_SAL","7191","0,7","2026-03-11 12:17","","2023-12-11","2023-12-11"
"TEMP/OLD?","","dbo","tmpIACPAbbinate_1590","1590","0,7","","","2022-12-29","2022-12-29"
"","","dbo","ADEX_ade_pallet","6148","0,7","2026-06-11 12:00","2026-06-11 12:00","2025-04-10","2025-04-14"
"","","dbo","MAP_comuni_nazioni_cf","16733","0,7","","","2026-02-11","2026-02-11"
"TEMP/OLD?","","dbo","tmpCarico_BSA_20220804","2256","0,7","","","2022-08-05","2022-08-05"
"TEMP/OLD?","","dbo","tmpCarico_BSA_20230614","3269","0,7","","","2023-06-20","2023-06-20"
"TEMP/OLD?","","dbo","tmpFassariFILE1","5483","0,6","2026-04-09 17:03","2026-04-09 16:45","2026-04-09","2026-04-09"
"TEMP/OLD?","","dbo","tmpCarico_BSA_20240927","2703","0,6","","","2024-09-30","2024-09-30"
"","","dbo","GEO_GIRI","354","0,6","2026-06-11 12:40","2026-04-02 13:54","2025-02-03","2025-07-02"
"TEMP/OLD?","","dbo","tmp_260217_adenogps","30012","0,6","2026-02-26 10:49","","2026-02-17","2026-02-17"
"TEMP/OLD?","","dbo","tmpCarico_BSA_20240308","2596","0,6","","","2024-03-12","2024-03-12"
"TEMP/OLD?","","dbo","tmpAder4_FATT_Penali","6554","0,6","2026-05-25 10:55","2026-05-25 10:55","2024-03-07","2024-03-07"
"","","dbo","MEZZI_Rifornimenti","2683","0,6","2026-06-11 11:58","","2024-02-09","2024-02-09"
"","","dbo","ADEX_ade_cap_gestione_type","1173","0,6","2026-05-28 16:14","2026-06-11 12:00","2025-04-09","2025-11-18"
"TEMP/OLD?","","dbo","tmp_211229_palmattivita","1152","0,6","","","2021-12-29","2021-12-29"
"","","dbo","Sig_attivita","5000","0,6","","","2025-02-17","2025-03-15"
"TEMP/OLD?","","dbo","tmpCarico_BSA_20220509","2937","0,6","","","2022-05-13","2022-05-25"
"TEMP/OLD?","","dbo","tmpCarico_BSA_20240621","3055","0,6","","","2024-06-25","2024-06-25"
"TEMP/OLD?","","dbo","tmpAder4_FATT_AnaliticoFatture","6554","0,6","2026-04-13 12:27","2026-04-13 12:26","2023-12-28","2023-12-28"
"TEMP/OLD?","","dbo","tmpCarico_BSA_20221209","2986","0,6","","","2022-12-15","2022-12-15"
"TEMP/OLD?","","dbo","tmpFassari_M79","5483","0,6","2026-04-08 16:41","2026-04-08 16:37","2026-04-08","2026-04-08"
"","","dbo","ADER4_PIS","3940","0,6","2026-03-24 14:37","2026-03-24 14:37","2023-08-07","2023-08-07"
"TEMP/OLD?","","dbo","tmpImpCarichiRiesi","1964","0,6","","","2025-12-29","2025-12-29"
"TEMP/OLD?","","dbo","tmpCarico_BSA_20221228","3093","0,6","","","2023-01-03","2023-01-03"
"TEMP/OLD?","","dbo","tmpCarico_BSA_20240828","2925","0,6","","","2024-08-29","2024-08-29"
"TEMP/OLD?","","dbo","tmpCarico_BSA_20230310","2563","0,5","","","2023-03-14","2023-03-14"
"","","dbo","Imp_FlussiAG_Partner","2288","0,5","","","2025-12-24","2025-12-24"
"","","dbo","sysdiagrams","36","0,5","2026-05-15 12:12","","2021-02-04","2026-06-06"
"TEMP/OLD?","","dbo","tmpCarico_BSA_20230628","2430","0,5","","","2023-06-29","2023-06-29"
"","","dbo","ADER4_REND_Annullati","10176","0,5","2026-06-08 13:37","","2023-10-19","2025-04-05"
"","","dbo","ADE_DistinteADE","3264","0,5","2026-02-18 17:32","","2024-07-18","2024-09-18"
"","","dbo","ADEX_ade_ddt","4376","0,5","2026-06-11 12:00","2026-06-11 12:00","2025-04-09","2025-04-14"
"TEMP/OLD?","","dbo","tmpCarico_BSA_20241129","2313","0,5","","","2024-12-02","2024-12-02"
"TEMP/OLD?","","dbo","tmpCarico_BSA_20220520","2777","0,5","","","2022-05-24","2022-05-25"
"TEMP/OLD?","","dbo","tmpCarico_BSA_20220930","2267","0,5","","","2022-10-03","2022-10-03"
"TEMP/OLD?","","dbo","tmpCarico_BSA_20241115","2049","0,5","","","2024-11-20","2024-11-20"
"","","dbo","MEZZI","819","0,5","2026-06-11 12:38","2026-06-11 12:22","2023-01-27","2026-06-06"
"TEMP/OLD?","","dbo","tmpCarico_BSA_20220411","2365","0,4","","","2022-04-13","2022-04-13"
"TEMP/OLD?","","dbo","tmpImpZero","4045","0,4","","","2024-10-07","2024-10-07"
"TEMP/OLD?","","dbo","tmpCarico_BSA_20230125","2268","0,4","","","2023-01-26","2023-01-26"
"TEMP/OLD?","","dbo","tmpCarico_BSA_20220302","2120","0,4","","","2022-03-07","2022-03-07"
"TEMP/OLD?","","dbo","tmp_220406","2985","0,4","","","2022-04-06","2022-04-06"
"TEMP/OLD?","","dbo","tmpFra2","688","0,4","","","2025-07-03","2025-07-03"
"TEMP/OLD?","","dbo","tmpCarico_BSA_20240321","1743","0,4","","","2024-03-27","2024-03-27"
"TEMP/OLD?","","dbo","tmpCarico_BSA_20240731","1992","0,4","","","2024-08-22","2024-08-22"
"TEMP/OLD?","","dbo","tmp_250925_prt0","543","0,4","","","2025-09-25","2025-09-25"
"TEMP/OLD?","","dbo","tmpCarico_BSA_20220627","2116","0,4","","","2022-07-01","2022-07-01"
"TEMP/OLD?","","dbo","tmp_ADE_DistinteADE","2734","0,4","2026-02-18 17:31","","2025-03-04","2025-03-04"
"TEMP/OLD?","","dbo","tmpCarico_BSA_20240104","1612","0,4","","","2024-01-05","2024-01-05"
"TEMP/OLD?","","dbo","tmp_240109","4183","0,3","","","2024-01-09","2024-01-09"
"TEMP/OLD?","","dbo","tmp_211025_palm_attivita","799","0,3","","","2021-10-25","2021-10-25"
"TEMP/OLD?","","dbo","tmpCaltaRaccNonConsegnate","1130","0,3","2026-04-29 13:00","2026-04-29 12:35","2026-04-29","2026-04-29"
"TEMP/OLD?","","dbo","tmp_250423","449","0,3","","","2025-04-23","2025-04-23"
"TEMP/OLD?","","dbo","tmp_250710","282","0,3","","","2025-07-10","2025-07-10"
"","","dbo","CLIENTI","1207","0,3","2026-06-11 12:40","2026-06-10 12:50","2025-06-06","2025-11-12"
"","","dbo","MAP_cap","8460","0,3","","","2026-02-11","2026-02-11"
"TEMP/OLD?","","dbo","tmp_240408_palm_Barcodevuoto","40","0,3","","","2024-04-08","2024-04-08"
"","","dbo","MG_decod_prodotti","226","0,3","2026-04-07 12:44","2026-04-03 10:28","2026-04-01","2026-06-06"
"","","dbo","MAP_nazioni","295","0,3","","","2026-02-11","2026-06-06"
"TEMP/OLD?","","dbo","tmpCarico_BSA_20240530","1474","0,3","","","2024-06-03","2024-06-03"
"TEMP/OLD?","","dbo","tmpACCOPPIAMENTO_POSTE","1123","0,3","","","2024-04-02","2024-04-02"
"TEMP/OLD?","","dbo","tmp_250731b","775","0,3","","","2025-07-31","2025-07-31"
"TEMP/OLD?","","dbo","tmp_250731c","775","0,3","","","2025-07-31","2025-07-31"
"","","dbo","FILIALI_ATTIVITA","2190","0,3","2026-06-11 12:25","2026-06-11 12:25","2026-01-19","2026-02-21"
"TEMP/OLD?","","dbo","tmpR139DigitalRigenerati","3576","0,3","","","2024-05-15","2024-05-15"
"TEMP/OLD?","","dbo","tmpRecuperaTBLF04_Rifiuti","714","0,3","","","2024-05-17","2024-05-17"
"TEMP/OLD?","","dbo","tmp_tasi_persone_fisiche_attivi_2016","1707","0,3","","","2021-12-03","2021-12-03"
"TEMP/OLD?","","dbo","tmpFile2_Lotto994_AttiConScarti_1538","1538","0,3","2026-06-10 13:06","2026-06-10 12:46","2026-06-10","2026-06-10"
"","","dbo","PRODOTTI","96","0,3","2026-06-11 12:40","2026-05-05 19:10","2024-07-19","2026-06-06"
"TEMP/OLD?","","dbo","tmpImpCarichiCalta","841","0,3","2026-06-03 09:27","2026-06-03 09:27","2026-06-03","2026-06-03"
"TEMP/OLD?","","dbo","tmp_250819_CAD","898","0,3","","","2025-08-19","2025-08-19"
"TEMP/OLD?","","dbo","MAP_cap_OLD","8460","0,3","","","2025-07-02","2026-02-11"
"TEMP/OLD?","","dbo","tmp_250819_CAN","638","0,3","","","2025-08-19","2025-08-19"
"TEMP/OLD?","","dbo","tmpCarico_BSA_20220331","1047","0,3","","","2022-04-04","2022-04-04"
"TEMP/OLD?","","dbo","MAP_nazioni_OLD","295","0,3","","","2025-07-02","2026-06-06"
"","","dbo","SPED_STATI","181","0,3","2026-06-11 12:40","2026-06-08 13:44","2025-11-20","2026-06-06"
"TEMP/OLD?","","dbo","tmpSAL_994_225_controdeduzioni","1440","0,3","","","2024-01-24","2024-01-24"
"","","dbo","SPED_WORKFLOW","947","0,3","2026-06-11 12:40","2026-06-08 13:24","2021-02-22","2026-06-06"
"TEMP/OLD?","","dbo","tmp_imu_residenti_fisiche_attivi_2016","1209","0,3","","","2021-11-30","2021-11-30"
"TEMP/OLD?","","dbo","tmpRiesiAperte_27092024","1664","0,3","","","2024-10-07","2024-10-07"
"TEMP/OLD?","","dbo","tmpTessereSanitarieAlcamo2024","1782","0,2","","","2024-09-30","2024-09-30"
"TEMP/OLD?","","dbo","tmpSmarrite","14","0,2","","","2021-11-25","2021-11-25"
"TEMP/OLD?","","dbo","tmpCarico_BSA_20240628","767","0,2","","","2024-07-02","2024-07-02"
"","","dbo","MGG_Mittenti","100","0,2","2026-06-11 12:40","2026-06-08 10:36","2024-01-26","2026-01-31"
"","","dbo","Sig_Arrivi","261","0,2","2026-05-08 05:44","2026-04-29 07:53","2025-04-09","2026-06-06"
"","","dbo","Sig_Partenze","260","0,2","2026-04-30 17:37","2026-04-30 17:37","2025-04-09","2026-06-06"
"TEMP/OLD?","","dbo","tmp1","15","0,2","","","2026-01-15","2026-01-15"
"","","dbo","GEO_LOG_COMUNE","459","0,2","2026-06-11 12:26","","2022-07-26","2026-06-06"
"TEMP/OLD?","","dbo","tmp_251105_adexrend","42","0,2","2026-02-16 15:38","","2025-11-05","2025-11-05"
"","","dbo","ADER4_Richiesta_Nomine_Messi","409","0,2","2026-04-02 15:35","","2023-11-06","2023-12-14"
"TEMP/OLD?","","dbo","tmpADER4_SAL_Definitivi","816","0,2","2026-06-09 12:34","2026-06-09 12:27","2024-07-30","2024-07-30"
"","","dbo","INTERROGAZIONI","272","0,2","2026-06-11 12:35","2026-05-21 10:19","2026-04-28","2026-04-28"
"TEMP/OLD?","","dbo","tmpSAL_994_226_20240205_T20_RisposteAttoDR","1508","0,2","","","2024-02-08","2024-02-08"
"TEMP/OLD?","","dbo","tmpBPSA_Controllo","479","0,2","","","2023-07-10","2023-07-14"
"TEMP/OLD?","","dbo","tmp_260224_capadex","1173","0,2","2026-02-26 11:29","","2026-02-24","2026-02-24"
"TEMP/OLD?","","dbo","tmp_250731","5296","0,2","","","2025-07-31","2025-07-31"
"","","dbo","FORNITORI","1414","0,2","2026-06-11 12:22","2026-06-11 01:04","2022-02-15","2023-06-12"
"TEMP/OLD?","","dbo","tmp_250731d","173","0,2","","","2025-07-31","2025-07-31"
"TEMP/OLD?","","dbo","tmp_Elena","4248","0,2","","","2025-05-28","2025-05-28"
"","","dbo","FATT_LISTINI","606","0,2","2026-06-11 12:40","2026-04-22 09:28","2021-02-16","2025-08-02"
"TEMP/OLD?","","dbo","tmp_251110_rend_alia","1129","0,2","","","2025-11-10","2025-11-10"
"TEMP/OLD?","","dbo","tmp_DKV1","894","0,2","2026-06-11 08:05","2026-06-11 08:04","2026-06-11","2026-06-11"
"","","dbo","ADEX_UFFICI","117","0,2","2026-05-29 10:51","","2025-06-25","2026-06-06"
"","","dbo","CLIENTI_CONDIZIONI","441","0,2","2026-06-11 12:40","2026-06-10 12:50","2024-06-07","2026-06-06"
"","","dbo","MEZZI_SINISTRI","101","0,2","2026-06-11 12:22","2026-05-19 09:28","2022-03-03","2026-06-06"
"","","dbo","PROCESSI_AZIONI","507","0,2","2026-06-11 12:40","2026-03-13 11:44","2021-03-20","2026-06-06"
"","","dbo","MEZZI_NOTE","1219","0,2","2026-06-11 12:23","2026-06-11 12:02","2022-03-03","2025-11-03"
"TEMP/OLD?","","dbo","tmpADE_082024","299","0,1","2026-02-20 08:58","","2024-09-18","2024-09-18"
"","","dbo","REND_Stati","52","0,1","2026-06-10 23:13","","2022-09-29","2023-01-03"
"TEMP/OLD?","","dbo","tmp_TBL_F00_Test_AVI","20","0,1","","","2025-01-15","2025-01-15"
"","","dbo","PARAMETRI","10","0,1","2026-06-11 12:40","","2024-09-19","2024-09-19"
"TEMP/OLD?","","dbo","tmp_240109c","41","0,1","","","2024-01-09","2024-01-09"
"TEMP/OLD?","","dbo","tmp_TBL_F00","10","0,1","","","2025-01-15","2025-01-15"
"","","dbo","ADER4_tmp_FILE","18","0,1","","","2023-05-30","2023-05-30"
"","","dbo","SIST_GRUPPOSTATI","12","0,1","2026-06-11 11:52","","2021-05-31","2025-11-20"
"TEMP/OLD?","","dbo","tmpAlessia","606","0,1","","","2025-05-13","2025-05-13"
"TEMP/OLD?","","dbo","tmpADE_DistinteADE","460","0,1","","","2024-09-18","2024-09-18"
"","","dbo","PORTI_PESO","28","0,1","","","2023-04-14","2023-04-14"
"TEMP/OLD?","","dbo","tmpControlloLottiADE","84","0,1","","","2024-09-18","2024-09-18"
"TEMP/OLD?","","dbo","tmp_240109b","105","0,1","","","2024-01-09","2024-01-09"
"","","dbo","ADEX_ESITI","35","0,1","2026-05-28 16:18","","2025-06-06","2025-06-06"
"TEMP/OLD?","","dbo","tmp_241115_ader4_anagrafica","33","0,1","","","2024-11-15","2024-11-15"
"","","dbo","GRUPPI","52","0,1","2026-06-11 12:40","2026-03-27 10:42","2021-08-01","2021-08-01"
"TEMP/OLD?","","dbo","tmpNomine","6","0,1","","","2024-06-27","2024-06-27"
"TEMP/OLD?","","dbo","tmpCarico_BSA_20220624","20","0,1","","","2022-07-01","2022-07-01"
"TEMP/OLD?","","dbo","tmpMGGUtenti6","71","0,1","","","2024-02-22","2024-02-22"
"","","dbo","FILE_TRACCIATOSTANDARD","22","0,1","2026-05-20 13:46","","2023-01-23","2023-06-12"
"","","dbo","UTENTI_PROFILI","1492","0,1","2026-06-11 12:40","2026-06-09 11:46","2021-03-16","2023-05-26"
"TEMP/OLD?","","dbo","tmpMGGUtenti10","7","0,1","","","2024-04-19","2024-04-19"
"TEMP/OLD?","","dbo","tmpUTENTI_CT","79","0,1","","","2022-01-24","2022-01-24"
"TEMP/OLD?","","dbo","tmpRistampaCartelleVicari","103","0,1","","","2024-06-25","2024-06-25"
"","","dbo","MEZZI_DISTRIBUTORI","474","0,1","2026-04-27 12:01","2026-04-16 12:02","2026-04-16","2026-04-18"
"TEMP/OLD?","","dbo","tmpCarico_BSA_20220117","289","0,1","","","2022-01-24","2022-02-16"
"","","dbo","SPED_TIPODISTINTE","36","0,1","2026-06-11 12:40","","2021-02-18","2023-01-05"
"TEMP/OLD?","","dbo","tmpFattFunzionarioDef","75","0,1","","","2024-04-16","2024-04-16"
"","","dbo","PALM_Evento2ProcessoAzione","61","0,1","","","2021-04-13","2021-04-13"
"TEMP/OLD?","","dbo","tmp_260123_cad3","420","0,1","","","2026-01-23","2026-01-23"
"","","dbo","ADER4_MotivoKO","28","0,1","2026-05-29 11:36","","2024-02-16","2024-02-16"
"TEMP/OLD?","","dbo","tmpAder4_FATT_AnaliticoFattureCGD","276","0,1","2026-04-13 12:27","2026-04-13 12:26","2023-12-28","2023-12-28"
"","","dbo","UTENTI_TIPOPRESENZE","13","0,1","2026-06-11 12:29","2026-05-28 13:33","2022-01-24","2023-06-12"
"TEMP/OLD?","","dbo","tmpAder4_FATT_AnaliticoFattureDR","1413","0,1","2026-04-13 12:27","2026-04-13 12:26","2023-12-28","2023-12-28"
"TEMP/OLD?","","dbo","tmp_260123_cad","497","0,1","","","2026-01-23","2026-01-23"
"TEMP/OLD?","","dbo","tmp_260123_cad2","441","0,1","","","2026-01-23","2026-01-23"
"","","dbo","ADER4_FileSPA","789","0,1","2026-06-03 22:14","2026-06-03 22:14","2023-05-30","2024-04-20"
"TEMP/OLD?","","dbo","tmp_Agosto_2024_DistinteADE","299","0,1","","","2025-03-04","2025-03-04"
"TEMP/OLD?","","dbo","tmp_Aprile_2025_DistinteADE","309","0,1","","","2026-01-22","2026-01-22"
"TEMP/OLD?","","dbo","tmpMGGUtenti5","57","0,1","","","2024-02-16","2024-02-16"
"TEMP/OLD?","","dbo","tmpFunzDelegExcel","53","0,1","","","2024-04-16","2024-04-16"
"","","dbo","MITTENTI","443","0,1","2026-06-11 12:40","2026-06-01 10:43","2024-11-08","2025-08-21"
"TEMP/OLD?","","dbo","tmp_ADER4_REND_COLLAUDO","534","0,1","","","2024-06-13","2024-06-13"
"","","dbo","ADER4_CodiciEsitoIMG","30","0,1","2026-06-10 15:01","","2023-12-22","2023-12-22"
"TEMP/OLD?","","dbo","tmpFattFunzionario","74","0,1","","","2024-04-16","2024-04-16"
"","","dbo","ADER4_tmp_SCA","1","0,1","2026-06-04 14:13","2026-06-04 14:13","2023-09-04","2023-09-04"
"TEMP/OLD?","","dbo","tmpPostalizzate","882","0,1","","","2022-03-02","2022-03-02"
"","","dbo","ADE_AZIENDA_FATT","17","0,1","2026-06-11 11:53","","2024-09-03","2024-09-03"
"","","dbo","AZIENDE_CRM","1","0,1","","","2022-01-22","2022-01-22"
"TEMP/OLD?","","dbo","tmpListaCap","821","0,1","","","2023-03-22","2023-03-22"
"TEMP/OLD?","","dbo","tmpADEAZIENDAFATT","17","0,1","","","2024-09-03","2024-09-03"
"","","dbo","GEO_CASECOMUNALI","18","0,1","2026-06-11 12:40","","2023-01-05","2025-08-01"
"","","dbo","MAP_province","110","0,1","","","2026-02-11","2026-02-11"
"","","dbo","ADER4_CGD","1312","0,1","2026-03-24 14:37","2026-03-24 14:37","2023-08-07","2024-09-28"
"TEMP/OLD?","","dbo","tmp_251113_damir","62","0,1","","","2025-11-13","2025-11-13"
"TEMP/OLD?","","dbo","tmp_25113_damir","62","0,1","","","2025-11-13","2025-11-13"
"","","dbo","MAP_regioni","20","0,1","","","2026-02-11","2026-02-11"
"","","dbo","ADER4_tmp_EAS","5","0,1","2026-03-24 14:36","2026-03-24 14:36","2023-08-07","2023-08-07"
"TEMP/OLD?","","dbo","tmp_IACP_AR_ADD","487","0,1","","","2022-12-27","2022-12-27"
"","","dbo","MG_rend_prodotti","16","0,1","2026-04-08 17:48","2026-04-01 16:49","2026-04-01","2026-04-02"
"","","dbo","ADER4_Conf_EsitiRacc","6","0,1","2026-06-10 21:45","","2023-08-01","2023-08-01"
"","","dbo","SIST_TIPOVENDITE","3","0,1","2026-05-26 11:12","","2021-02-17","2021-02-17"
"TEMP/OLD?","","dbo","tmpMGGUtenti9","26","0,1","","","2024-04-02","2024-04-02"
"TEMP/OLD?","","dbo","tmp_220912_comuni","348","0,1","","","2022-09-12","2022-09-12"
"","","dbo","PROCESSI_COMUNI","127","0,1","2026-06-11 12:27","","2022-06-28","2022-06-28"
"TEMP/OLD?","","dbo","tmpCAPGENERICI","14","0,1","","","2024-05-27","2024-05-27"
"TEMP/OLD?","","dbo","tmpSercobpsaDaChiudere","107","0,1","","","2023-12-06","2023-12-06"
"TEMP/OLD?","","dbo","tmp_230317_RendAlia","143","0,1","","","2023-03-17","2023-03-17"
"TEMP/OLD?","","dbo","tmp_251111_capnoncoperti","22","0,1","","","2025-11-11","2025-11-11"
"","","dbo","MG_decod_peso","8","0,1","2026-04-07 13:07","2026-04-01 16:54","2026-04-01","2026-04-02"
"TEMP/OLD?","","dbo","tmpRichiestaNomine_13122023","13","0,1","","","2023-12-14","2023-12-14"
"","","dbo","MG_fornitori","4","0,1","2026-04-07 12:44","2026-04-01 17:15","2026-04-01","2026-04-02"
"","","dbo","NUMERATORI","1","0,1","2026-06-11 12:40","2026-06-11 12:40","2022-01-15","2022-01-15"
"TEMP/OLD?","","dbo","tmpF99_Ack","947","0,1","","","2025-08-29","2025-08-29"
"","","dbo","ADER4_tmp_QUA","5","0,1","2026-06-10 22:43","2026-06-10 22:43","2023-08-09","2023-08-09"
"","","dbo","EMAIL_MODELLI","5","0,1","2026-06-11 12:40","","2022-01-15","2022-01-16"
"","","dbo","LISTA_VALORI","26","0,1","2026-06-11 11:06","2026-03-27 17:00","2026-03-04","2026-03-04"
"TEMP/OLD?","","dbo","tmpCarico_BSA_20220923","13","0,1","","","2022-09-27","2022-09-27"
"","","dbo","GEO_Nazioni","295","0,1","","","2024-02-15","2024-02-15"
"","","dbo","ADER4_FileREND","13","0,1","","","2023-05-29","2023-05-29"
"TEMP/OLD?","","dbo","tmpSettembre2024CodPrenotazione","128","0,1","","","2025-03-04","2025-03-04"
"","","dbo","UTENTI_PROCESSI","24","0,1","2026-06-11 12:40","2026-05-25 10:59","2022-09-27","2025-09-09"
"","","dbo","ADER4_SequenzaChiusura","22","0,1","2026-06-10 12:48","","2023-08-10","2023-08-10"
"","","dbo","ADER4_Conf_Workflow","78","0,1","","","2023-08-01","2023-08-01"
"","","dbo","TICKET","4","0,1","","","2021-03-02","2021-03-02"
"","","dbo","PROD_GRUPPO","16","0,1","2026-06-11 12:40","","2021-02-16","2024-07-19"
"TEMP/OLD?","","dbo","tmp_240402","43","0,1","2026-05-21 16:42","","2024-04-02","2024-04-02"
"","","dbo","Giacenze_ENEL","188","0,1","","","2023-03-13","2023-11-20"
"","","dbo","UTENTI_FILIALI","6","0,1","2026-06-11 12:40","2026-04-21 17:00","2025-08-25","2025-08-25"
"","","dbo","PuntiGiacenzaCSO","206","0,1","","","2021-12-31","2021-12-31"
"TEMP/OLD?","","dbo","tmpPoste","401","0,1","","","2024-04-02","2024-04-02"
"","","dbo","REND_TIPIDOC","5","0,1","2026-04-16 09:44","","2022-12-19","2022-12-19"
"TEMP/OLD?","","dbo","tmpImpCarichiCRC","206","0,1","2026-03-23 12:54","2026-03-23 12:54","2026-03-23","2026-03-23"
"TEMP/OLD?","","dbo","tmpRac140_11_91_Covert","32","0,1","2026-05-20 10:11","","2026-05-20","2026-05-20"
"TEMP/OLD?","","dbo","tmp_0","28","0,1","","","2023-11-20","2023-11-20"
"TEMP/OLD?","","dbo","tmp_230309_ncfulmine","2009","0,1","","","2023-03-09","2023-03-09"
"","","dbo","CRM_AZIONI","41","0,1","2026-06-11 00:13","2026-03-19 15:36","2022-12-05","2023-09-06"
"","","dbo","ADER4_AnnullaOrdine_WS","3","0,1","","","2023-07-24","2023-08-01"
"","","dbo","MEZZI_TIPI","11","0,1","2026-06-11 12:23","2026-04-29 13:03","2022-02-15","2022-02-15"
"","","dbo","FILE_CLIENTI","2","0,1","2026-03-24 12:02","","2024-03-28","2024-03-28"
"","","dbo","SPED_AZIONI","179","0,1","2026-06-11 12:40","2026-06-05 10:44","2023-03-09","2026-02-07"
"TEMP/OLD?","","dbo","tmpFattListini","249","0,1","","","2024-03-28","2024-03-28"
"TEMP/OLD?","","dbo","tmp_250411_ag","33","0,1","","","2025-04-11","2025-04-11"
"TEMP/OLD?","","dbo","tmpEitoBloccante","82","0,1","","","2024-03-29","2024-03-29"
"TEMP/OLD?","","dbo","tmpGemini2","1075","0,1","","","2022-12-16","2022-12-16"
"TEMP/OLD?","","dbo","tmpADE_Febbraio 2025","343","0,1","","","2025-04-11","2025-04-11"
"","","dbo","RUOLI","12","0,1","2026-06-11 12:40","","2021-02-16","2023-05-26"
"","","dbo","FORNITORI_TIPI","4","0,1","2026-06-11 12:22","","2022-02-15","2022-07-14"
"TEMP/OLD?","","dbo","tmp_250731e","65","0,1","","","2025-07-31","2025-07-31"
"TEMP/OLD?","","dbo","tmpListinoComunePA_New","122","0,1","","","2025-04-30","2025-04-30"
"","","dbo","SCATOLE_TIPI","5","0,1","2026-06-11 11:03","","2023-03-08","2023-03-08"
"","","dbo","ADEX_flusso_dettagli","30","0,1","2026-06-11 12:00","2026-06-11 12:00","2025-04-10","2025-04-10"
"","","dbo","SPED_STATIRESI","50","0,1","2026-06-11 12:40","","2021-09-11","2023-05-18"
"","","dbo","AZIENDE","56","0,1","2026-06-11 12:40","2026-04-20 18:16","2021-02-04","2025-06-06"
"","","dbo","ADEX_ade_notifica","200","0,1","","","2025-04-09","2025-04-14"
"","","dbo","MENU_ELEMENTI","1740","0,1","2026-06-11 12:40","2026-06-09 09:59","2021-06-14","2026-06-08"
"TEMP/OLD?","","dbo","tmp_231110_filePIS","18","0,1","","","2023-11-10","2023-11-10"
"TEMP/OLD?","","dbo","ZZ_OBJECTS","16","0,1","2026-04-20 12:57","","2021-02-12","2021-02-12"
"TEMP/OLD?","","dbo","tmpPDGLavorazioniT","124","0,1","2026-06-05 10:58","2026-06-05 10:52","2026-06-05","2026-06-05"
"","","dbo","FILE_TRACCIATOCAMPI","132","0,1","2026-06-11 11:13","2026-05-20 13:59","2021-03-30","2023-02-27"
"TEMP/OLD?","","dbo","tmpRecuperaDistPost","1","0,1","","","2025-12-19","2025-12-19"
"TEMP/OLD?","","dbo","tmpPDGLavorazioni","441","0,1","2026-06-05 10:58","2026-06-05 10:52","2026-06-05","2026-06-05"
"TEMP/OLD?","","dbo","tmpFra","93","0,1","","","2025-07-03","2025-07-03"
"","","dbo","SIST_QUALIFICHE","9","0,1","2026-06-11 12:35","","2025-10-08","2025-10-08"
"TEMP/OLD?","","dbo","tmpFra3","612","0,1","","","2025-07-03","2025-07-03"
"","","dbo","Sig_Tipo","4","0,1","2026-04-09 09:14","","2025-02-17","2025-02-18"
"TEMP/OLD?","","dbo","tmpMGGUtenti4","52","0,1","","","2024-02-08","2024-02-08"
"TEMP/OLD?","","dbo","tmp_230306_idattivita_multi","228","0,1","","","2023-03-06","2023-03-06"
"","","dbo","PROCESSI","16","0,1","2026-06-11 12:40","","2021-02-12","2024-07-19"
"TEMP/OLD?","","dbo","tmpGela","1265","0,1","","","2024-04-11","2024-04-11"
"TEMP/OLD?","","dbo","tmpElencoMittADE_AG","117","0,1","","","2025-06-20","2025-06-20"
"TEMP/OLD?","","dbo","tmpPenaliPaterna","126","0,1","2026-04-17 11:34","2026-04-17 11:34","2026-04-17","2026-04-17"
"TEMP/OLD?","","dbo","tmpNuovoListinoComunePA","114","0,1","","","2025-04-29","2025-04-29"
"TEMP/OLD?","","dbo","tmp_250518","260","0,1","","","2023-05-18","2023-05-18"
"","","dbo","ADER4_tmp_OK","1","0,1","2026-06-11 00:13","2026-06-11 00:13","2023-06-26","2023-06-26"
"TEMP/OLD?","","dbo","tmp_230518","219","0,1","","","2023-05-18","2023-05-18"
"TEMP/OLD?","","dbo","tmpADER4_REND_IMG_Collaudo","39","0,1","","","2024-03-20","2024-03-20"
"","","dbo","fattolp","6","0,1","2026-05-27 09:40","2026-05-27 09:40","2026-05-27","2026-05-27"
"TEMP/OLD?","","dbo","tmp_imu_aire_attivi_2016","228","0,1","","","2021-12-06","2021-12-06"
"","","dbo","GEO_PROVINCIA","333","0,1","2026-06-11 12:31","","2021-02-11","2025-09-09"
"TEMP/OLD?","","dbo","tmp_241127_dipendenti","609","0,1","","","2024-11-27","2024-11-27"
"TEMP/OLD?","","dbo","tmp_250407_rend","342","0,1","","","2025-04-07","2025-04-07"
"","","dbo","SIST_TIPI","39","0,1","2026-06-11 09:50","","2024-11-27","2024-11-27"
"","","dbo","ADER4_FileFTP","4","0,1","2026-06-11 00:13","2026-06-11 00:13","2023-05-19","2023-05-19"
"TEMP/OLD?","","dbo","tmp_tasi_giuridiche_2016","20","0,1","","","2021-12-03","2021-12-03"
"","","dbo","FATT_AZIENDE_ADE_LOTTO1","17","0,1","","","2024-05-09","2024-07-18"
"","","dbo","ADE_DecodFileDU","95","0,1","2026-02-18 17:09","","2024-11-22","2024-11-22"
"TEMP/OLD?","","dbo","tmpDecodFileDU","95","0,1","","","2024-11-22","2024-11-22"
"TEMP/OLD?","","dbo","tmp_tasi_defunti_2016","151","0,1","","","2021-12-03","2021-12-03"
"TEMP/OLD?","","dbo","tmpSAL_225_T30","14","0,1","","","2024-02-08","2024-02-08"
"TEMP/OLD?","","dbo","tmpDistinteADE_Gennaio_2025","246","0,1","","","2025-02-14","2025-02-14"
"TEMP/OLD?","","dbo","tmp_220509_palm","1008","0,1","","","2022-05-09","2022-05-09"
"","","dbo","Sig_Lotti","25","0,1","","","2025-02-17","2025-02-17"
"TEMP/OLD?","","dbo","tmpMenus","5","0,1","","","2023-02-28","2023-02-28"
"TEMP/OLD?","","dbo","tmpADER4_fileEVE","4","0,1","","","2025-12-19","2025-12-19"
"","","dbo","FILE_TRACCIATO","22","0,1","2026-06-11 11:13","2026-06-03 12:04","2021-03-30","2023-02-27"
"","","dbo","ADER4_File","24","0,1","","","2023-05-19","2023-05-23"
"","","dbo","FATT_EMISSIONE","119","0,1","2026-06-02 22:43","2026-06-02 22:42","2022-04-06","2023-03-02"
"TEMP/OLD?","","dbo","tmpRac140_08_12_Covert","823","0,1","2026-05-22 11:56","","2026-05-19","2026-05-19"
"TEMP/OLD?","","dbo","tmpSAL_05082025","63","0,1","","","2025-08-13","2025-08-13"
"TEMP/OLD?","","dbo","tmpDistinteADEMarzo2025","338","0,1","","","2025-11-21","2025-11-21"
"","","dbo","MGG_Utenti","373","0,1","2026-06-11 11:21","2026-05-21 10:10","2024-01-29","2024-02-16"
"TEMP/OLD?","","dbo","tmpMezziDkv_gps","606","0,1","","","2026-01-27","2026-01-27"
"TEMP/OLD?","","dbo","tmpCodiciPrenotazioneADE_Dicembre","154","0,1","","","2025-01-24","2025-01-24"
"","","dbo","GEO_HereWaypoint","651","0,1","2026-06-09 16:48","2026-04-03 12:26","2025-05-14","2026-02-28"
"TEMP/OLD?","","dbo","tmpMessiADER","345","0,1","","","2023-09-20","2023-09-20"
"","","dbo","CPCLFontWidths","42","0,1","2026-06-05 16:10","","2025-09-29","2025-09-29"
"","","dbo","StagingOrders","3","0,1","","","2022-02-08","2022-02-08"
"TEMP/OLD?","","dbo","tmpCarico_BSA_20220323","56","0,1","","","2022-04-06","2022-04-06"
"TEMP/OLD?","","dbo","tmpRac140_99_Covert","989","0,1","2026-05-20 10:26","","2026-05-19","2026-05-19"
"TEMP/OLD?","","dbo","tmpMGGUtenti","53","0,1","","","2024-01-29","2024-01-29"
"TEMP/OLD?","","dbo","tmpCONSORTI","40","0,1","","","2023-04-27","2023-04-27"
"TEMP/OLD?","","dbo","MAP_regioni_OLD","20","0,1","","","2025-07-02","2026-02-11"
"","","dbo","ADER4_filePIC","18","0,1","","","2023-10-03","2023-10-03"
"TEMP/OLD?","","dbo","tmp_ADER_R38_R1B","47","0,1","2026-06-08 14:27","","2026-06-08","2026-06-08"
"","","dbo","MG_AZIENDA_FATT","20","0,1","2026-06-11 11:47","2026-06-11 11:44","2024-05-02","2024-05-02"
"","","dbo","ADER4_tmp_PIC","221","0,1","","","2023-10-03","2023-10-03"
"TEMP/OLD?","","dbo","tmpMG_AZIENDA_FATT","17","0,1","","","2024-05-02","2024-05-02"
"TEMP/OLD?","","dbo","tmp_251120_nocad","26","0,1","","","2025-11-20","2025-11-20"
"TEMP/OLD?","","dbo","tmpCodiciPrenotazioneADE_Novembre","157","0,1","","","2025-01-24","2025-01-24"
"TEMP/OLD?","","dbo","tmpDistinteADE_Dicembre","431","0,1","","","2025-01-24","2025-01-24"
"TEMP/OLD?","","dbo","tmp_220323_palm","59","0,1","","","2022-03-23","2022-03-23"
"TEMP/OLD?","","dbo","tmp_251120_sicad","16","0,1","","","2025-11-20","2025-11-20"
"","","dbo","MENU_ELEMENTIGRUPPI","102","0,1","2026-06-11 12:40","2026-03-13 13:10","2021-08-01","2021-08-27"
"TEMP/OLD?","","dbo","tmpDistinteADE_Novembre","447","0,1","","","2025-01-24","2025-01-24"
"","","dbo","MenuAlias","18","0,1","2026-06-08 10:50","2026-06-08 10:28","2026-06-08","2026-06-08"
"","","dbo","GEO_HereWReq","756","0,1","2026-06-09 16:48","2026-04-03 12:23","2025-05-14","2025-07-05"
"TEMP/OLD?","","dbo","tmpMGGUtenti7","9","0,1","","","2024-03-04","2024-03-04"
"TEMP/OLD?","","dbo","tmpMGG_Mittenti","109","0,1","","","2024-01-18","2024-01-18"
"","","dbo","SIST_FAMIGLIAAZIONI","20","0,1","2026-05-08 13:40","","2021-02-22","2023-03-09"
"","","dbo","ADER4_TipoNotifica","108","0,1","2026-06-11 04:12","","2023-05-31","2025-01-08"
"","","dbo","UTENTI_GRUPPI","1363","0,1","2026-06-11 12:40","2026-06-11 11:07","2021-08-01","2025-04-19"
"TEMP/OLD?","","dbo","tmp_ELENCO_UTENZE_299","45","0,1","","","2022-01-28","2022-01-28"
"TEMP/OLD?","","dbo","tmpMezziDkv","30","0,1","","","2026-01-27","2026-01-27"
"TEMP/OLD?","","dbo","tmp_220318_utentiattivita","481","0,1","","","2022-03-18","2022-03-18"
"","","dbo","ADEX_ade_sedi","117","0,1","2026-05-28 16:31","","2025-09-04","2025-09-04"
"","","dbo","GEO_HereW","12","0,1","2026-06-09 16:48","2026-04-03 12:26","2025-05-14","2025-05-14"
"TEMP/OLD?","","dbo","tmpDistinteADESet","308","0,1","","","2024-11-22","2024-11-22"
"TEMP/OLD?","","dbo","tmpDistinteADE Prenotazione","123","0,1","","","2024-11-22","2024-11-22"
"","","dbo","GEO_GIRITMP","21","0,1","2026-02-20 11:44","2026-02-20 11:44","2025-07-02","2025-07-02"
"","","dbo","ADER4_Mittenti","9","0,1","2026-06-04 11:56","","2023-10-06","2023-10-06"
"","","dbo","PROD_FAMIGLIE","5","0,1","2026-06-11 12:40","","2021-02-11","2024-07-19"
"","","dbo","MENU_ElementiRuoli","27","0,1","2026-06-11 12:40","","2021-06-07","2021-08-27"
"TEMP/OLD?","","dbo","tmpDistinteADE PrenotazioneSet","128","0,1","","","2024-11-22","2024-11-22"
"","","dbo","GEO_REGIONE","60","0,1","2026-06-11 11:22","","2021-02-11","2025-02-27"
"","","dbo","COSTI_TipoAnalitica","45","0,1","2026-06-11 01:13","","2022-04-08","2022-04-08"
"","","dbo","HolidaysFixed","10","0,1","2026-06-11 12:37","","2025-09-08","2025-09-08"
"TEMP/OLD?","","dbo","tmpM105","44","0,1","","","2024-03-07","2024-03-07"
"TEMP/OLD?","","dbo","tmp_221012_utentiattivita","245","0,1","","","2022-10-12","2022-10-12"
"TEMP/OLD?","","dbo","tmpControlloFirmeFattorini","437","0,1","","","2025-10-28","2025-10-28"
"TEMP/OLD?","","dbo","tmpFunzionarioDelegato","9","0,1","","","2024-03-07","2024-03-07"
"","","dbo","CODCOR","10","0,1","2026-06-09 09:37","2026-06-09 09:37","2021-11-25","2022-02-02"
"TEMP/OLD?","","dbo","tmpPDGLavorazioniENEL","19","0,1","","","2024-03-11","2024-03-11"
"TEMP/OLD?","","dbo","tmpDistinteADE","356","0,1","","","2024-11-22","2024-11-22"
"","","dbo","MEZZI_FOTO","276","0,1","2026-06-04 15:02","2026-06-10 07:47","2025-05-16","2026-03-21"
"TEMP/OLD?","","dbo","tmpImpNotifiche","10","0,1","","","2024-07-12","2024-07-12"
"TEMP/OLD?","","dbo","tmpMGGUtenti2","44","0,1","","","2024-02-01","2024-02-01"
"","","dbo","FILIALI","244","0,1","2026-06-11 12:40","2026-06-10 09:21","2021-02-23","2026-03-10"
"TEMP/OLD?","","dbo","tmp_imu_nonresidenti_defunti_2016","30","0,1","","","2021-11-30","2021-11-30"
"","","dbo","MGG_Funzionari","9","0,1","2026-06-11 11:55","","2024-03-12","2024-05-27"
"TEMP/OLD?","","dbo","tmp_imu_residenti_giuridiche_attivi_2016","6","0,1","","","2021-11-30","2021-11-30"
"TEMP/OLD?","","dbo","tmp_imu_residenti_fisiche_defunti_2016","173","0,1","","","2021-11-30","2021-11-30"
"","","dbo","CONSIP_Stati","20","0,1","2026-06-11 12:12","","2024-02-06","2024-02-06"
"TEMP/OLD?","","dbo","tmp_dipendenti2","381","0,1","","","2024-10-03","2024-10-03"
"TEMP/OLD?","","dbo","tmpMGGUtenti8","8","0,1","","","2024-03-12","2024-03-12"
"TEMP/OLD?","","dbo","tmp_imu_nonresidenti_attivi_2016","211","0,1","","","2021-11-30","2021-11-30"
"TEMP/OLD?","","dbo","tmpImg","45","0,1","","","2024-10-08","2024-10-08"
"TEMP/OLD?","","dbo","tmp_230203_doppie","149","0,1","","","2023-02-03","2023-02-03"
"","","dbo","SPED_ORDINE_DDT","4","0,1","","","2023-05-09","2023-05-09"
"","","dbo","GEO_Routing","174","0,1","2026-04-03 12:26","","2025-02-04","2025-02-04"
"TEMP/OLD?","","dbo","tmpMGGUtenti3","63","0,1","","","2024-02-07","2024-02-07"
"TEMP/OLD?","","dbo","MAP_province_OLD","107","0,1","","","2025-07-02","2026-02-11"
"","","dbo","XMLwithOpenXML","0","0,0","","","2023-10-02","2023-10-02"
"TEMP/OLD?","","dbo","tmpSostaPostalizzate_8719","0","0,0","","","2023-02-09","2023-02-09"
"TEMP/OLD?","","dbo","Ordine_Test","0","0,0","","","2023-05-11","2023-05-11"
"TEMP/OLD?","","dbo","tmpADER_PRT","0","0,0","","","2025-02-05","2025-02-05"
"TEMP/OLD?","","dbo","tmp_imu_aire_attivi_2016_2021","0","0,0","","","2021-12-06","2021-12-06"
"","","dbo","ADER4_tmp_AFF","0","0,0","","","2023-05-22","2023-05-22"
"TEMP/OLD?","","dbo","tmp_Flussi","0","0,0","","","2023-05-22","2023-05-22"
"","","dbo","italy_cap","0","0,0","2026-03-27 10:07","","2023-03-01","2023-03-01"
"","","dbo","ADEX_esito_notifica","0","0,0","2026-06-11 12:00","2026-06-11 12:00","2025-04-10","2025-04-14"
"","","dbo","ADEX_flusso_errori","0","0,0","2026-06-11 12:00","2026-06-11 12:00","2025-04-10","2025-04-10"
"","","dbo","MG_rend_tracciati","0","0,0","","","2026-04-02","2026-04-02"
"","","dbo","ADEX_flusso_immagine","0","0,0","2026-06-11 12:00","2026-06-11 12:00","2025-04-10","2025-04-10"
"","","dbo","ADEX_flusso_spedizione","0","0,0","2026-06-11 12:00","2026-06-11 12:00","2025-04-10","2025-04-10"
"","","dbo","FATT_SERVIZI","0","0,0","2026-06-02 22:42","","2021-02-16","2022-04-06"
"TEMP/OLD?","","dbo","tmp_DKV","0","0,0","2026-06-11 08:05","","2026-06-11","2026-06-11"
"","","dbo","ADER4_fileSCA","0","0,0","2026-04-27 11:09","","2023-05-26","2023-05-26"
"","","dbo","SPED_VETTORI","0","0,0","","","2021-02-07","2021-02-07"
"TEMP/OLD?","","dbo","tmpADE_AZIENDA_FATT","0","0,0","","","2024-09-03","2024-09-03"
"","","dbo","PALM_STAMPANTI","0","0,0","","","2022-02-28","2022-02-28"
"","","dbo","PAG_FILIALI","0","0,0","","","2023-01-10","2023-01-10"
"","","dbo","ADER4_FAT_AnaliticoFatture","0","0,0","","","2023-12-28","2023-12-28"
